V_A1_001_0051|[ana]그러니까 네놈들이 뒷골목의 망신이라는 바로 그 컴북스라고?
V_A1_001_0052|[ana]큰일났다, 학교 지각이다, 도대체 엄마는 안 깨우고 뭐한 거야, 어떡해, 교문에 쌤 있을 텐데!
V_A1_001_0053|[ana]왜 우리가 비밀을 지켜 주려고 애쓰다가 저런 소리까지 들어야 되는 건데, 그냥 말해 버리면 되잖아!
V_A1_001_0054|[ana]거짓말, 아무리 내가 바보라도 그런 수법에는 안 넘어가요.
V_A1_001_0055|[ana]잠깐, 그 밥에 손 대지 마, 먹지 마, 나가 버려, 나한테 상의도 없이 혼자 그 따위로 일처리를 하고 밥을 드시겠다?
V_A1_001_0056|[ana]난 반드시 널 이겨서 정정당당히 이 가문의 사람이 될 거야, 그리고 그날 넌 반드시 오늘을 후회하게 될 거다.
V_A1_001_0057|[ana]어제는 밤이 늦어서 특별히 데리러 간 거였어, 이제 앞으로 두 번 다시는 그런 일 없을 거야!
V_A1_001_0058|[ana]후훗, 너의 도전 받아주겠어, 진 사람이 청소당번 대신 혼자 청소하기, 어때?
V_A1_001_0059|[ana]그 사람을 깔보는 듯한 네놈의 눈빛이 마음이 안 든다고, 정말 싫어!
V_A1_001_0060|[ana]포탄이 집 한 채를 관통해서 지나갔는데 저놈이 팔팔하게 살아 있는 게 이상하잖아!
V_A1_001_0061|[ana]하 사자 따위에게, 이 내가, 겁 먹을 성싶으냐?
V_A1_001_0062|[ana]네 녀석의 도움따위 받지 않아도 이딴 놈은 나혼자 상대할 수 있다고!
V_A1_001_0063|[ana]이제 그만, 지쳤어, 네 녀석의 시시껄렁한 재주를 상대하기엔 내가 너무 지쳤단 말이야!
V_A1_001_0064|[ana]빌어먹을 천하의 내가 저 따위 좀도둑에게 이렇게 허무하게 지다니
V_A1_001_0065|[ana]거기 서, 이번엔 절대로 안 놓친다, 촌장님의 복수를 이 손으로 하고 말겠어!
V_A1_001_0066|[ana]여기서 기다리면 결국 돌아올 거라고 생각했지 그때의 복수, 지금 해 줄 테다.
V_A1_001_0067|[ana]동네 사람들 늑대가 나타났어요, 우리 양을 잡아 먹은 게 바로 저 늑대들이라고요, 도와주세요!
V_A1_001_0068|[ana]이 뻥쟁이 녀석, 오늘은 진짜 혼쭐을 내줄테다, 거기 서라!
V_A1_001_0069|[ana]이제 십 일 분 남았어, 시간이 없어, 빨리 시간 안에 폭탄을 가진 사람을 알아내야 돼!
V_A1_001_0070|[ana]말도 안 되는 소리 집어쳐, 내 봉다리에 든 게 더 비싸다니까!
V_A1_001_0071|[ana]이 조끄만 게 사랑이가 뭐야, 사랑이가, 누나라고 불러야지, 윗사람 이름은 함부로 부르는 게 아냐.
V_A1_001_0072|[ana]자 돈은 어디에 있지, 찾아낸 거 다 알고 있어, 빨리 말해!
V_A1_001_0073|[ana]바쁜데도 일부러 시간 내서 여기까지 왔는데, 이 년 전에 죽은 사람 얘기를 꺼내서 분위기 망쳐야겠어?
V_A1_001_0074|[ana]흥, 번개가 치니까 무서워서 꽁지 빠지게 도망간 건 아니고?
V_A1_001_0075|[ana]맞아요, 바로 그 사람이에요, 얼굴을 붕대로 감싼 그 사람이 날 해치려고 했단 말이에요!
V_A1_001_0076|[ana]으아아 도저히 불안해서 여기에 못 있겠어, 우선 이곳부터 벗어나야겠어.
V_A1_001_0077|[ana]구해준 건 고맙지만 어차피 당신들도 저 사람들과 똑같은 사람들 아닌가요?
V_A1_001_0078|[ana]으아악 동네 사람들, 저 사람이 밀어서 팔이 부러지고, 이마에서 피가 나요!
V_A1_001_0079|[ana]무, 무슨 소리야, 너희들끼리 치고받고 하다가 다친 걸 왜 나한테 뒤집어씌워?
V_A1_001_0080|[ana]이것 봐요, 또 얼렁뚱땅 넘기려고나 하고, 그러니까 내가 당신을 믿을 수 있겠냐고요!
V_A1_001_0081|[ana]얘기는 나중에 하고 지금은 여길 벗어납시다, 한시가 급합니다, 빨리!
V_A1_001_0082|[ana]어이 꼬맹이, 너 혹시 자고 있는 괴물 꽃게한테 무슨 짓 하지 않았냐?
V_A1_001_0083|[ana]아 망했다, 오늘 분리수거 날인데 완전히 까맣게 잊고 있었어, 엄마한테 혼나겠다!
V_A1_001_0084|[ana]너는 남의 일에 신경 쓰지 말고 너 걱정이나 해, 이런 촌구석에서 무슨 대단한 복수를 한다고.
V_A1_001_0085|[ana]주목받지 못하고 평범한 학생으로 살아가는 것이 이렇게 춥고 외로운 일이었다니.
V_A1_001_0086|[ana]사람들한테 칭찬받고 싶어, 인정받고 싶어, 주목받고 싶어!
V_A1_001_0087|[ana]빨리 안 일어나, 같이 영화 본다고 했잖아, 벌써 영화 시작했겠다, 왜 영화 보기로 하고 늦잠을 자고 그래!
V_A1_001_0088|[ana]후훗, 너의 본모습을 아이들이 알게 된다면 어떤 반응을 보일까, 웃을까, 화낼까, 어이없어 할까?
V_A1_001_0089|[ana]너 말이야, 대체 속셈이 뭐야, 언제까지 날 종처럼 부려먹을 건데?
V_A1_001_0090|[ana]너가 하는 바로 그런 짓을, 약점 잡아 협박한다고 하는 거야, 부끄럽지도 않아?
V_A1_001_0091|[ana]아 물론 억지로 하라는 소리는 아니야, 안 해도 돼, 단 너의 본 모습을 아이들한테 밝힐 용기가 있으면 말이지!
V_A1_001_0092|[ana]수련 중에 뭐하는 짓이야, 이리 못 내려와!
V_A1_001_0093|[ana]내일은 우리 학교 졸업시험일이다, 하지만 넌 그전에도, 또 그전에도 번번이 떨어졌지!
V_A1_001_0094|[ana]이 바보 녀석아, 너 마음대로 변신술도 부리지 말고, 이름도 요상하게 붙이지 마!
V_A1_001_0095|[ana]너가 난장판으로 만든 교실을 깨끗하게 만들 때까지 집에 갈 생각 하지도 마!
V_A1_001_0096|[ana]어차피 싹수가 글러먹은 놈이니까 발견하는 즉시 없애 버리자!
V_A1_001_0097|[ana]어째서 내가 그 선생이 아니란 걸 바로 알아볼 수가 있는 거지?
V_A1_001_0098|[ana]큭큭큭, 부모의 원수로 변신해서까지 그 녀석을 돕는 게 무슨 의미가 있지?
V_A1_001_0099|[ana]왜 그래, 어서 해 봐, 나 따위 한 방에 저 세상으로 보내준다며, 왜 자신 없어?
V_A1_001_0100|[ana]난 그에게 버림받은 게 아니야, 그가 버리기 전에 내가 먼저 차 버린 거야, 그러니까 난 용의자야 아니야!
V_H1_001_0051|[haa]무슨 일이든 즐겁게, 즐겁게, 그게 내 인생의 모토야, 어때 멋지지?
V_H1_001_0052|[haa]쟤 우는 것 좀 봐 역시 이래서 애들은 놀리는 맛이 있다니까, 이번엔 누구를 또 놀려볼까?
V_H1_001_0053|[haa]그 겁나 큰 장수풍뎅이를 우리한테 준다고, 리얼리, 너 진짜 무지 좋은 녀석이구나!
V_H1_001_0054|[haa]호호호 기대하면서 기다릴 테니까 너무 늦게 오지 마 안 그럼 나 가 버린다?
V_H1_001_0055|[haa]제군들 지금까지 정말 잘해 왔다, 앞으로도 실수만 안 하면 된다.
V_H1_001_0056|[haa]무슨 일이 있어도 저 녀석들을 위해 전력을 다하도록, 알겠나?
V_H1_001_0057|[haa]이 편이 훨씬 더 신나고 재밌어요, 저 하는 거 보시고 괜찮으면 우리 같이 해요!
V_H1_001_0058|[haa]고마워, 네가 우리를 위해 싸워 줬단 얘긴 들었어.
V_H1_001_0059|[haa]괜찮아, 이깟 상처쯤이야 시간이 지나면 금방 낫는 걸, 그보다 네가 무사해서 정말 다행이야.
V_H1_001_0060|[haa]내가 영혼의 구슬을 볼 수 있는 눈이 있으니까 모두와 힘을 합쳐서 조각을 모으는 거야.
V_H1_001_0061|[haa]얘들아 빨리 와 봐 여기 우리가 그토록 만나고 싶어했던 홍길동 탐정이 있어!
V_H1_001_0062|[haa]와 저 애가 바로, 사건을 백발백중 해결한다는 그 홍길동 탐정 맞지?
V_H1_001_0063|[haa]추리하는 네 솜씨가 그렇게 대단하다며, 좀 구경해 보자, 그래서 누가 범인인데, 응?
V_H1_001_0064|[haa]하나밖에 없는 내 동생의 목숨을 구해 준 건 바로 니아였어!
V_H1_001_0065|[haa]당신이 무서운 놈에게 붙잡혀 갔다는 얘긴 들었는데, 아무튼 무사히 돌아와서 다행입니다.
V_H1_001_0066|[haa]잠깐 동안 이 아일 맡아 주겠니, 그렇잖아도 맡길 데가 없어 어쩌나 걱정이었는데, 고맙다.
V_H1_001_0067|[haa]걱정 마, 안 귀찮아, 귀여운 남동생이 생긴 거 같아 오히려 좋은걸?
V_H1_001_0068|[haa]고생했어, 오늘 우리가 폭탄 찾느라 수고한 걸 모두에게 가서 생색 내야지!
V_H1_001_0069|[haa]여러분 오늘부터 새 학기가 시작됐어요, 질서를 잘 지키고 보람찬 학교생활을 하셔야 해요!
V_H1_001_0070|[haa]교장인 제가 언제나 눈을 크게 뜨고, 귀를 쫑긋 세우고, 코를 킁킁 거리겠어요!
V_H1_001_0071|[haa]하하하 그러고 보니 사랑이가 믿음이를 좋아하는가 보구나 둘이 은근 잘 어울리는데.
V_H1_001_0072|[haa]알나리깔나리 사랑이랑 믿음이랑 그렇고 그렇대요 알나리깔나리!
V_H1_001_0073|[haa]후후후 아무리 그런 걸로 공격해 봐라, 난 기분 나빠하지 않아 오히려 난 즐긴다고!
V_H1_001_0074|[haa]막상 들어가려니 긴장감에 다리가 다 후들거리네 후우 좋아, 당당하게 맞서 보는 거야!
V_H1_001_0075|[haa]와 이 샵 뭐야, 끝내준다 이거랑 이거랑 이것도, 예쁜 코디가 엄청 많아!
V_H1_001_0076|[haa]우와 너의 코디 너무 멋진데, 사랑이는 센스가 넘치는구나.
V_H1_001_0077|[haa]안에 들어가 보면 내가 신급 아이돌이라는 걸 바로 알게 될 거야, 보고 너무 깜짝 놀라지 마!
V_H1_001_0078|[haa]그래 이게 나야, 옷이랑 머리도 러블리하네 스타일도 멋져지고 어른스러운 모습이잖아!
V_H1_001_0079|[haa]얏호 드디어 빨래 다 했다 산더미 빨래에서 드디어 해방이다!
V_H1_001_0080|[haa]혹시 귀신 같은 거 보세요, 막 흰 소복 입고 돌아다니는 여자가 보인다거나.
V_H1_001_0081|[haa]아하하 뭘 그렇게 째려봐요, 농담이에 요 농담!
V_H1_001_0082|[haa]뭐 그 맛에 애들 키운다잖아요.
V_H1_001_0083|[haa]어금니 사이에 뭔가 낀 것처럼 찜찜했는데, 그 기분이 말끔히 사라졌어!
V_H1_001_0084|[haa]씻고 나왔더니 너무 개운한데, 뭐해요 당신도 얼른 씻고 이 기분을 느껴 봐야죠!
V_H1_001_0085|[haa]기분이 꿀꿀하다 싶으면 나처럼 기분 전환으로 차나 한 잔 마시는 건 어때요?
V_H1_001_0086|[haa]스트레스가 풀리는 거 같죠?
V_H1_001_0087|[haa]맞아요, 마음이 외롭고 허전할 때는 따뜻한 차 한 잔 마시는 게 기분 전환에 최고예요.
V_H1_001_0088|[haa]티브이에서 봤는데 기분이 찜찜할 땐 몸을 움직이래, 따라해 봐, 이렇게 어때, 나아졌지?
V_H1_001_0089|[haa]어머나 이 사람 뭐야, 완전 꽃미남이잖아, 내가 말을 걸어도 되는 걸까?
V_H1_001_0090|[haa]아들 일찍 왔구나 잠깐만 기다려 줄래 저녁 다 될 때까지 식탁에 있는 사과 먹고 있어.
V_H1_001_0091|[haa]난, 하늘에 떠 있는 섬을 믿어, 여전히 꿈꾸고 있어!
V_H1_001_0092|[haa]어리석다고 비웃어도 좋아, 내겐 로망이니까!
V_H1_001_0093|[haa]유후 햇빛도 좋고 바람도 좋고 오늘 날씨 짱 좋아!
V_H1_001_0094|[haa]아무래도 이번엔 시간을 딱 맞춰 도착한 거 같은데, 형제여!
V_H1_001_0095|[haa]상대가 바람과 바다라면 항해를 해야지 이 배의 항해사는 누구다?
V_H1_001_0096|[haa]아아 선장이다 선원들은 응답하라 너무 즐거워서 뭐부터 시작해야 할지 모르겠다, 오버!
V_H1_001_0097|[haa]건드리는 구슬마다 이상한 것들이 튀어나와 신기하다, 아저씨 혹시 마법사?
V_H1_001_0098|[haa]자아 어느 게 불꽃구슬일까요, 알아맞혀 보세요 딩동댕동 땡, 틀렸습니다, 훗호우!
V_H1_001_0099|[haa]너 성격 좋아 보인다 왠지 나랑 잘 맞을 거 같은데 내 친구가 되지 않을래?
V_H1_001_0100|[haa]오잉, 화염드래곤을 끌고 오다니, 너 실력이 대단한데?
V_NX_001_0051|[neu]지금까지 죽었다고 생각했는데, 서초경찰서 이렇게 살아있다니.
V_NX_001_0052|[neu]소크라테스며 플라톤이며 아리스토텔레스며 데카르트 스피노자 라이프니찌 믿어지지 않아요.
V_NX_001_0053|[neu]물론이오이다만 정말 대견하구나!
V_NX_001_0054|[neu]앨버트의 실크 같은 볼기짝이나 쓰다듬어주며 태평가나 불러보자고!
V_NX_001_0055|[neu]넌 호텔이나 물침대 위에 엠마뉴엘부인이라든가 몰라.
V_NX_001_0056|[neu]거기 앞에 가시는 이오덕, 그리고 여성운동 무크지 조심하라고 몇 번을 말해요.
V_NX_001_0057|[neu]최근 김대업씨로부터 이정연씨 병역면제 의혹 테이프와 녹취록을 압수했다고 발표했다.
V_NX_001_0058|[neu]이에 따라 국회 증언한 피해자는 수사 피해갈 수 없다고 한다.
V_NX_001_0059|[neu]이번에 현대차 공 이 사 공 사에 팔 이 공 사, 공 팔 공 육 공 공에 육 공 공 공 기아차 공 이 칠 팔 사에 일 이 일 이, 중에 뭘 골랐어?
V_NX_001_0060|[neu]차 중에 대우차 르노삼성차 모두 공 팔 공 칠 이 팔에 칠 이 팔 팔 쌍용차 서비스로 전화하래.
V_NX_001_0061|[neu]정씨는 오씨가 마크브이 승용차를 팔아넘겨 횡령한데 필요하다며 오씨의 친지로부터 육백여 만원을 빌렸다 주장했다.
V_NX_001_0062|[neu]이번 학기에 헌법개정과 장치와 실제 위상, 인터넷 등 입법행정거버넌스 앤드 퍼블릭 신청했다.
V_NX_001_0063|[neu]시민사회 사이에 새로운 권력의 매티우즈는, 세계화와 권력이동 이다.
V_NX_001_0064|[neu]부패 척결을 위해 반부패입법과 자산공개법 행정부의 투명성 등 법의 논의되었다.
V_NX_001_0065|[neu]너, 부정부패커럽쎤은 부패에 어디에 해당된다고 생각해?
V_NX_001_0066|[neu]이번 연구에서 신소재 비트 메모리, 초전도 세라믹 가스 터빈, 개발은 굉장한 성과다.
V_NX_001_0067|[neu]수소 복합체, 아모르퍼스 보다 금속계 탄소 복합 컴퓨터, 뉴럴 성능이 더 뛰어나다.
V_NX_001_0068|[neu]이번 씨에이디 열차, 실험 통해 면역효소, 생체막 이용 기술, 혁신적으로 좋아졌다.
V_NX_001_0069|[neu]자동차 산업, 기술, 씨에프씨 발달로 성능이 뛰어난 제품 출현한다면 어느 정도 예상된다.
V_NX_001_0070|[neu]정책과 여성 활성화 방안 마련을 위해 주요 협회 주최로 여성 포럼이 열린다.
V_NX_001_0071|[neu]포럼 개최하고 있는데, 그간 몇 차례의 회의를 통해 여성 창업 절차, 벤처기업 및 정부의 벤처 관련 질문 없나요?
V_NX_001_0072|[neu]앤디 윌리엄스의 권투시합 비싸서 텔레비전 방송을 통해 봤다.
V_NX_001_0073|[neu]이번 연주회는 깊고 영적인우주자연 다채로운 울림, 그 자체였다.
V_NX_001_0074|[neu]사람은 감수성, 실패 좌절경험에서 신경자극, 영향을 받아 번뇌의 심층활동, 한다.
V_NX_001_0075|[neu]건강보험심사평가원 오백 만원 주식회사 세중 백 이십 오만 팔천 원 보냈다.
V_NX_001_0076|[neu]에리히 프롬 바슐라르에다가 루소 칸트 헤겔 맑스 쇼펜하우어 키에르 좋아하는 철학자다.
V_NX_001_0077|[neu]금통위가 통화신용정책 위하여 필요하다고 한 정책들이다.
V_NX_001_0078|[neu]회원조합 축협중앙회의 신용사업부문이 포함되며 보험사업자와 공유된다.
V_NX_001_0079|[neu]지금부터 파라마운트 시네마스코프 윈느벨 효과가 가득한 영화입니다.
V_NX_001_0080|[neu]뮤직이라는 영화에 다시 공포의 보수와, 아파트의 열쇠를 섞었으니 즐기도록 회사의 바람입니다.
V_NX_001_0081|[neu]애앨러제국의 눈뜸에 의한 이른바 이데올로기 싸움이다.
V_NX_001_0082|[neu]정치에서의 남,북 관계의 퇴조와 긴장 완화에서 표면화, 된 문제는 커뮤니케이션 이다.
V_NX_001_0083|[neu]코로나로 거리를 띄우고, 이른바 건전한 유희의 장을 마련하자.
V_NX_001_0084|[neu]노년을 위해 양로원 만들며, 경우에 따라서는 마련된 특정한 데로 갈 수도 있다.
V_NX_001_0085|[neu]까라마조프의 고엽과 여자의 화해의 깃발 그것이 영화의 모든 것이다.
V_NX_001_0086|[neu]아무 생각도 없이 돛대 피운 그레타 가르보의 차차차를 본 적이 있는가?
V_NX_001_0087|[neu]로이베릭과 마리아 태우고 마물리안 열차와 바리키노의 배는 떠났다.
V_NX_001_0088|[neu]이 시는 한 맺힌 음률과 억제 못할 감정을 달래며 구곡간장 녹인다.
V_NX_001_0089|[neu]음악을 들으면 그윽히 쉴 수도 있고, 감정에 스며들게 할 수도 있고, 십 이현 보다 좋을 수 있다.
V_NX_001_0090|[neu]가야금 물결이 열두 줄에 부딪쳐 몸부림 쳐 가며 운명의 소용돌이 맺으며 풀며, 연주된다.
V_NX_001_0091|[neu]찹쌀떡 모본단 호박단 내가 좋아하는 떡인데 가만히 팔장만 끼고 바라봐야 하다니.
V_NX_001_0092|[neu]오늘 점심엔 갈비나 뜯고 골프나 치자!
V_NX_001_0093|[neu]비협약 채권자인 회사는 피인수설에 대해 십 일 오전까지 답변 바랍니다.
V_NX_001_0094|[neu]롯데쇼핑컨소시엄이 자회사설립 유상증자 실권주 인수를 오천 사백 이십억 육천 만원에 했다.
V_NX_001_0095|[neu]신용정보주식회사에 의하면, 출자아남반도체 아남반도체 최대주주인 암코사가 동부그룹에 넘어갔다.
V_NX_001_0096|[neu]자금난 해소로 계열사에서 사백 칠십 육만 주 투자 확정됐다.
V_NX_001_0097|[neu]일세대 일주택 해당여부에 불구하고 등기부등본 등에 의하여 삼 년 보유사실이 인정됐다.
V_NX_001_0098|[neu]둘째, 조세감면규제법상 이년 이상 보유한 소유권이 인정 이와 유사한 법률적 효력의 사건이 발생한다.
V_S1_001_0051|[saa]죄송해요, 일어나시라고 몇 번을 깨웠지만 안 일어나시길래, 제가 못 참고 다 먹어 버렸어요, 용서해 주세요.
V_S1_001_0052|[saa]아 나도 참 한심해 데이트할 때 지켜야 할 예의에 대해 아는 게 하나도 없잖아.
V_S1_001_0053|[saa]에이 또 꽝이네 쓸데없는 데 돈 썼다고 또 엄마한테 혼나겠다.
V_S1_001_0054|[saa]내 얼굴 보고 실망했지, 나도 이렇게 못생기고 싶어서 못생긴 건 아니니까 심한 말은 말아 줘.
V_S1_001_0055|[saa]그 녀석들, 뒤에서 그딴 말을 하다니 정말 너무해.
V_S1_001_0056|[saa]어떡하지, 내가 생각 없이 선생님께 대들었더니 부모님 호출까지 하셨어, 그때 그냥 가만히 있을걸.
V_S1_001_0057|[saa]진짜 속상해, 믿음이가 달라졌어, 예전처럼 나한테 신경 쓰지도 않고, 그 여자애만 찾아.
V_S1_001_0058|[saa]믿음직스러운 학생이군, 하지만 학생이 교사에게 의지하지 않는 것도 어찌 보면 서글픈 일인데.
V_S1_001_0059|[saa]그러지 마, 다른 사람들한테 폐가 되잖아, 죄송합니다, 정말 죄송합니다.
V_S1_001_0060|[saa]그 앤 자신의 몸을 희생해 사람들의 눈을 딴 데로 돌렸던 거야.
V_S1_001_0061|[saa]눈물 없이 볼 수 없는 아주 숭고한 작전이었어.
V_S1_001_0062|[saa]중요한 얘기라는 게 혹시 모자란 나에 대한 꾸짖음이 아닐까?
V_S1_001_0063|[saa]와 줘서 고맙긴 한데, 너희 수업시간에 이렇게 나와도 괜찮은 거니?
V_S1_001_0064|[saa]거짓말이야, 템포도 소리도 엉망진창, 이런 건 내가 한 연주가 아니라고, 누가 거짓말이라고 해 줘.
V_S1_001_0065|[saa]흑흑, 너무, 너무 무서워, 누가, 누가 좀 도와주세요!
V_S1_001_0066|[saa]날 위해서, 일부러, 일부러 날 친 거였어.
V_S1_001_0067|[saa]난 또 끝까지, 마지막의 마지막까지 저 녀석의 도움을 받고 말았어.
V_S1_001_0068|[saa]죽어도 좋을 리가 없잖아, 그 강아지는 하나뿐인 내 친구란 말이야!
V_S1_001_0069|[saa]이 기술 아까부터 몇 번이나 봤지만, 아무리 해도 피할 수 있는 게 아니야, 어떡하지.
V_S1_001_0070|[saa]재빠른 스피드와 엄청나게 예민한 감각 때문에 오히려 역으로 당하게 생겼어, 큰일이네.
V_S1_001_0071|[saa]저 역시 그 말만 믿고 누구보다 노력해 왔어요, 하지만 깨달았죠.
V_S1_001_0072|[saa]진짜 천재에겐 당해 낼 수 없다는걸.
V_S1_001_0073|[saa]지금 어린아이에게 수업료를 다 받겠다는 건가요, 그러지 말고 조금만 깎아 주시면 안 돼요?
V_S1_001_0074|[saa]얼마 전에도 말했을 텐데, 지금 넌 어린애처럼 응석이나 피우고 있을 때가 아니라고
V_S1_001_0075|[saa]주위를 감싸는 이 불길한 분위기는 뭐지, 앞으로 나한테 무슨 일이 생기려고.
V_S1_001_0076|[saa]미안하다, 우리가 있었는데도 너희들을 지켜 주지 못해서, 나 자신이 한심하게 느껴지네.
V_S1_001_0077|[saa]하긴 니가 내 걱정을 할 녀석이 아니지, 난 대체 뭘 기대한 거야
V_S1_001_0078|[saa]안 돼요, 관중들과 선수들이 대피하면 무작정 쏴 버릴 거라고 했어요, 협박 당했다구요.
V_S1_001_0079|[saa]아니야, 동생은 늘 날 질투했어, 그 아이가 나를 항상 걱정했다니, 아니야, 그럴 리가 없어.
V_S1_001_0080|[saa]이따위 것 때문에 지금까지 내가 그 많은 사람들을 해쳤단 말인가, 고작 이런 것 때문에
V_S1_001_0081|[saa]말도 안 돼요, 저는 단지 스포츠 신문을 들고 있었을 뿐인데 범인이라뇨, 억울해요!
V_S1_001_0082|[saa]빨리 가자, 엄마가 집에서 맛있는 떡볶이 해 놓고 기다린다고 했단 말이야, 집에 가고 싶어.
V_S1_001_0083|[saa]너무 슬퍼하지 마, 지금 헤어져도 우리는 언제까지나 친구인 거 알지?
V_S1_001_0084|[saa]아니, 내가 널 못 믿어서는 아니야, 걱정돼서 그래 정말 자신 있어?
V_S1_001_0085|[saa]꼬마야, 시간이 늦었으니 집에서 걱정하고 계실 거야, 어서 부모님께 돌아가렴.
V_S1_001_0086|[saa]엄마 설마 그러고 학교에 오시려는 건 아니죠, 옷이 그게 뭐예요, 창피하단 말이에요.
V_S1_001_0087|[saa]자고 나면 세금이 오르고 자고 나면 물건값이 오르고, 휴우, 쥐꼬리만 한 월급으로 살기 힘드네.
V_S1_001_0088|[saa]진짜 우리 아빠 맞나요, 엄마랑 내가 아빠를 얼마나 만나고 싶어 했는데, 왜 이제야 왔어요?
V_S1_001_0089|[saa]이제 어쩌지, 우리 버스를 잘못 타서 엉뚱한 데 온 거 같아.
V_S1_001_0090|[saa]다음 버스는 밤 여덟 시에 있대, 에휴 아직 다섯 시간도 넘게 남았는데, 어떡하지?
V_S1_001_0091|[saa]언제나 같은 이야기네, 사랑이는 매번 나를 만나도 니아 이야기만 하잖아.
V_S1_001_0092|[saa]친구가 받은 생일 선물을 보고, 우리 집이 가난하다는 게 죽을 만큼 서럽게 느껴졌어.
V_S1_001_0093|[saa]말 못 해요, 왕따 당하고 있다고 어떻게 말해요, 부모님께 말하기는 괴롭다구요.
V_S1_001_0094|[saa]어쩐지 나 자신이 한심해서, 왕따 당하는 내 모습이 한심했어.
V_S1_001_0095|[saa]말하지 못한 건, 혹시 그런 나를 엄마가 미워할까 걱정돼서.
V_S1_001_0096|[saa]미움받고 싶지 않았어요, 엄마를 무지 좋아하니까요, 왠지 그 아이도 그런 기분일 거 같아요.
V_S1_001_0097|[saa]선생님 선생님이 정해 주신 자리 바꿔도 되나요, 허락해 주세요 제발요.
V_S1_001_0098|[saa]너한테 그런 말을 들으니까 심장이 미친 듯이 뛰어, 숨 쉬기 힘들 정도로 너무 아파.
V_S1_001_0099|[saa]가난하지만 고등학교까지는 무사히 졸업하고 싶었어요, 그게 엄마의 소원이니까요.
V_S1_001_0100|[saa]미안해, 울지 않기로 약속했는데 계속 울기만 하고, 근데 이건 눈물이 아니라 마음의 땀이야.
V_A2_002_0051|[anb]다리 오므리지 못해, 남들 앞에서 추한 꼴 보이지 말고 빨리 조신하게 앉아!
V_A2_002_0052|[anb]같이 가족 여행 가고 싶은데 왜 안 된다는 거야, 모두 널 기쁘게 해주려고 준비한 건데 지금 네 태도는 뭐냔 말야.
V_A2_002_0053|[anb]이렇게 사랑받고 있다고 생각했는데 돌이켜보면 모두들 내 비위 맞추기에만 급급했던 거야, 역겨워.
V_A2_002_0054|[anb]너 말이야, 한자리에 좀 있으면 안 되겠니, 왜 내가 널 찾아 이렇게 계속 헤매야 하는 건데?
V_A2_002_0055|[anb]별로 상관없다 생각했는데, 사귀는 사람을 가족 전원이 좋아하는 이런 현실이 어쩐지 너무 싫다.
V_A2_002_0056|[anb]그 폭우 속을 가족을 위한다는 마음으로 걸어왔는데 왜 아무도 날 안 반기는 건데!
V_A2_002_0057|[anb]우린 이제 더 이상 어린아이가 아냐, 뭐든지 너 혼자 하란 말야, 나 상관하지 말고 아무 데나 가 버려!
V_A2_002_0058|[anb]착각하지 마, 위대한 건 너가 아니라 바로 이 몸이시라고!
V_A2_002_0059|[anb]저 녀석을 붙잡아라, 저 녀석은 이 몸이 처리한다!
V_A2_002_0060|[anb]어쭈 감히 니가 날 쳤다 이거야, 어디 또 쳐 봐, 또 쳐 보라고!
V_A2_002_0061|[anb]당장 그만두지 못해, 밥상머리 앞에서 어쩌자고 싸움질이야, 너희들 진짜 혼나 볼래?
V_A2_002_0062|[anb]어떻게 찾은 황금 같은 기회인데, 이렇게 허무하게 날려버리다니, 도저히 내가 내 자신을 용서 못 하겠어!
V_A2_002_0063|[anb]이 시건방진 놈들 감히 날 갖고 놀다니, 잡히기만 해 봐라!
V_A2_002_0064|[anb]나참, 난 그 시간에 축제에 있었다니까요, 이 사진을 현상해 봐요, 내 알리바이가 증명될 테니까.
V_A2_002_0065|[anb]시끄러, 애들이 뭘 안다고 자꾸 나서서 일을 더 복잡하게 만드냔 말야.
V_A2_002_0066|[anb]그래, 맞아, 난 작년부터 이 일을 계획했어, 니아를 없애고 문단 최고봉에 오르기 위해!
V_A2_002_0067|[anb]내 말이 그 말이야, 저런 악귀 붙은 피아노를 계속 놔두니까 이런 끔찍한 사건이 계속 일어나는 거 아냐?
V_A2_002_0068|[anb]뭐가 어쩌고 어째요, 내가 뭐하러 사랑이를 죽였다는 거예요?
V_A2_002_0069|[anb]당신이지, 시장 선거에 출마한 세 사람 중 벌써 두 사람이 죽었어, 이제 당신밖에 안 남았잖아!
V_A2_002_0070|[anb]얌마, 너 지금 어디에 있어, 당장 내 앞에 와서 이 사태에 대해 설명하지 못해!
V_A2_002_0071|[anb]두고 봐, 지금 당장 널 찾아내서 톡톡히 망신을 주고 말테니까, 각오하라고.
V_A2_002_0072|[anb]니아는 관계없어요, 니아는 범인과 맞닥뜨렸다고 했잖아요, 그 범인이 나라고요!
V_A2_002_0073|[anb]끄아아아 어떡해 남친이 손수 떠준 스웨터가 다 찢어졌어, 이건 꿈이야!
V_A2_002_0074|[anb]연타는 이걸로 끝이냐, 뭐 기뻐해라, 조금은 먹히긴 했으니, 이번엔 내 차례다!
V_A2_002_0075|[anb]연타라는 건 말이지, 상대를 확실하게 끝내도록 한 방 한 방 살의를 담아 날리는 걸 말해.
V_A2_002_0076|[anb]방금 그 변태는 뭐지, 이 동네가 점점 무서워지고 있어, 빨리 이 동네를 떠야겠어.
V_A2_002_0077|[anb]나 진짜 화났어, 이곳에서 엉망진창으로 날뛰어 주지.
V_A2_002_0078|[anb]너희 전부 다 여길 빠져나갈 순 없어, 한 마리도 놓치지 않겠다, 각오해라!
V_A2_002_0079|[anb]넌 바보지만 내 몸에 상처를 입혔으니 그 용기는 가상히 여겨주지, 그런 의미로 단숨에 죽여주마.
V_A2_002_0080|[anb]내가 때려도 쓰러지지 않다니 제법이긴 하네, 지금까지 본 쓰레기들과는 좀 다른 놈 같다?
V_A2_002_0081|[anb]뭐야, 너 말버릇이 그게 뭐야, 전학 와서 외로워 보이길래 데려와 줬더니만 그딴 싸가지 없는 말투는, 재수 없어.
V_A2_002_0082|[anb]좋아해도 괴로울 뿐이야, 평생이 걸려도 난 널 따라잡을 수 없을 것만 같다는 게 뼈저리게 느껴져.
V_A2_002_0083|[anb]내 험담을 하는 건 좋은데 뭐 하나라도 나한테 이기고서 그렇게 하도록 해, 안 그럼 싸움에 진 개가 짖는 걸로밖에 안 보이니까.
V_A2_002_0084|[anb]내 친구로 있고 싶으면 두 번 다시 그러지 마, 내 자존심이 용서치 않으니까.
V_A2_002_0085|[anb]대체 나의 어디가 좋다는 건데, 돈인가, 근데 어쩌냐 너 같은 코찔찔이한테는 땡전 한 푼도 못 줘.
V_A2_002_0086|[anb]사귄다는 게 뭔데, 왜 사귀면 모든 걸 독점하려고 하는 거지, 어째서 감정을 백 퍼센트 아님 영 퍼센트로밖에 생각하지 않는 건데?
V_A2_002_0087|[anb]어차피 이 멤버들은 시간 관념이 없어, 내가 지각 군단에 덩달아 끼어 기합을 받는 건 무지하게 열 받을 거 같거든.
V_A2_002_0088|[anb]근데 여자친구도 뭣도 아닌 우리한테 아이스크림 쐈다고 화 내는 거 아니지, 하하하!
V_A2_002_0089|[anb]우리 마을을 공격하겠다고, 그렇다면 먼저 나와 승부하자!
V_A2_002_0090|[anb]이 마을, 제 목숨을 걸고서라도 지키겠어요, 절 믿어주세요!
V_A2_002_0091|[anb]너하고 니아가 친구였다는 소리는, 두 번 다시 입에 담지 마!
V_A2_002_0092|[anb]언제까지 내 뒤통수를 칠 수 있을 줄 알았나, 화끈하게 저승으로 보내 주마!
V_A2_002_0093|[anb]헛소리 마, 보물은 내 거다, 훔쳤다고 네 것이 될 거라고 생각하나?
V_A2_002_0094|[anb]이 멍청아, 너흰 아직 햇병아리에 불과해, 누구든지 처음엔 간단한 임무부터 시작하는 법이다.
V_A2_002_0095|[anb]하지만 저번부터 계속 이런 하찮은 임무뿐이잖아요, 우리도 이제 그럴싸한 임무를 맡고 싶다고요!
V_A2_002_0096|[anb]싫어 내가 여기서 죽을 줄 아는 모양인데, 난 어떻게든 끝까지 살아남을 거야.
V_A2_002_0097|[anb]알겠나, 이 녀석은 우리 회사의 정책에 반대하는 시위를 벌인 주동자로 이 마을의 질서를 어지럽혔기에 공개 처형을 하겠다!
V_A2_002_0098|[anb]여긴 사건 현장이야, 형사인 나하고 탐정인 니아 이외엔 들어가면 안 돼, 누가 경찰에 신고 좀 해!
V_A2_002_0099|[anb]선생님 선생님이 이 별장에 있는 거 다 알고 왔어요, 숨지 말고 빨리 나와요!
V_A2_002_0100|[anb]너희는 기량도 부족하고 겁쟁이에 얼간이야, 아주 유감이야, 여기서 손가락이나 빨면서 울고 있으라고.
V_H2_002_0051|[hab]그래 열심히 영혼의 구슬 조각을 모아라, 흐흐.
V_H2_002_0052|[hab]네가 영혼 구슬을 다 모으면, 그때 내가 널 지옥으로 보내 줄 테니까.
V_H2_002_0053|[hab]난 지금이 좋아, 왜냐하면 내 영혼은 그 시절보다 훨씬 자유로우니까.
V_H2_002_0054|[hab]킁킁, 어디서 맛있는 불고기 냄새가 나는데, 어디지, 불고기, 불고기!
V_H2_002_0055|[hab]야, 영혼의 구슬 조각 하나 뺏겼다고 그렇게 걱정에 찌들어 있는 거냐?
V_H2_002_0056|[hab]괜찮아, 처음부터 다시 찾으면 돼, 얼굴 펴!
V_H2_002_0057|[hab]수상한데, 웬일로 저렇게 이해심이 많아졌지?
V_H2_002_0058|[hab]처음 이 칼을 만든 건 너일지 몰라도 이제 주인은 나다.
V_H2_002_0059|[hab]그러니 내 칼에 대해 왈가왈부는 그만하시지, 어차피 내 거라고, 흐흐.
V_H2_002_0060|[hab]이것만 있으면 이제 세계 정복도 꿈만은 아니라고, 우리 두뇌와 근육 형제라면 말이야!
V_H2_002_0061|[hab]좋았어, 내가 두뇌고 너가 근육이니까 최고의 지성과 최강의 육체가 힘을 합치는 거다.
V_H2_002_0062|[hab]사부님처럼 강해지고 싶어요, 그게 제 꿈이에요, 꼭 배우고 싶습니다.
V_H2_002_0063|[hab]맞아요, 제 목표는 우리 마을 사람들에게 내 존재를 인정받는 거예요, 전 그거면 돼요.
V_H2_002_0064|[hab]뭐지, 이 뜬금없는 도발은, 내 화를 돋우려는 건가, 그렇다면 빙고!
V_H2_002_0065|[hab]얼굴만 잘생겨도 생큐인데 거기다 공부까지 잘한다고, 너무 멋져!
V_H2_002_0066|[hab]놀이공원에서 귀신의 집에 들어갔는데 진짜 재미있었어요!
V_H2_002_0067|[hab]우오옷, 너의 집 진짜 궁궐이다, 티브이에 나오는 집 같아, 끝내준다!
V_H2_002_0068|[hab]앗, 그런 더러운 수법을 아무렇지도 않게 쓰다니, 역시 사랑의 힘인가!
V_H2_002_0069|[hab]아하하, 좋은 발차기군, 하지만 그 정도 가지고는 날 굴복시키지 못해!
V_H2_002_0070|[hab]오늘 특별활동 너무 재미있지 않았어, 다음 주에도 오늘 같기만 하면 좋겠다.
V_H2_002_0071|[hab]언제부턴가 온 세상이 너를 중심으로 도는 거 같아, 이런 내 마음 느껴져?
V_H2_002_0072|[hab]까아, 어떡해, 애들이 그러는데 걔도 날 좋아한대, 나 지금 너무 떨려!
V_H2_002_0073|[hab]네 고백을 들으니까 심장이 미친듯이 뛰어, 이렇게 뛰다 죽을 수도 있을 것처럼.
V_H2_002_0074|[hab]뭐예요, 생각만 해도 좋은 거예요, 어, 진짜 얼굴 빨개지는데요?
V_H2_002_0075|[hab]하하핫, 날 보호하느라 정말 고생 많았네, 우리 집에 가서 편히들 쉬게나.
V_H2_002_0076|[hab]아빠, 아빠가 우리 마을을 지켜내실 거예요, 제가 응원할게요, 힘내요, 아빠!
V_H2_002_0077|[hab]아까는 고마웠어, 네 응원이 없었으면 난 시합에서 졌을지도 몰라.
V_H2_002_0078|[hab]이얏호, 이건 해보나마나 우리가 이긴 거야, 완전 러키야, 그렇지 않아?
V_H2_002_0079|[hab]술법은 잘 생각한 다음에 써야지, 상대방에게 거꾸로 이용당하기 싫다면 말이야, 바보!
V_H2_002_0080|[hab]하하하, 정말 젊다는 건 좋은 것이여, 아주 머리가 핑핑 잘 돌아가는구먼!
V_H2_002_0081|[hab]소중한 사람을 지켜야 해, 언제 어떤 상황이 와도 이 사실만은 잊지 않아야 한다, 알겠느냐?
V_H2_002_0082|[hab]실패를 해도 다시 일어설 수 있는 용기, 난 그게 가장 큰 강인함이라고 생각해.
V_H2_002_0083|[hab]쑥쓰러워 하지 마, 넌 세상에서 하나밖에 없는 셰도카드를 가진 엄청난 영웅인걸!
V_H2_002_0084|[hab]오래 기다리셨습니다, 여러분, 여러분이 기대하던 담력 테스트, 지금부터 시작합니다!
V_H2_002_0085|[hab]너랑 당분간 못 만나니까 알아두고 싶어, 좋아하는 사람을 안아봤을 때의 느낌을
V_H2_002_0086|[hab]고마워, 너의 화살 덕분에 여유가 생겼어,
V_H2_002_0087|[hab]무슨 소리예요, 명탐정 홍길동이야말로 우리의 구세주라고요, 역시 너무 멋진 분이야!
V_H2_002_0088|[hab]그대만 내 눈앞에 있으면 심장이 이십사시간 바운스 바운스, 이 마음을 어찌해야 좋을까요?
V_H2_002_0089|[hab]아유 다정한 부녀지간이네요, 고등학생이 돼서 아빠랑 같이 오는 게 쉽지 않을 텐데.
V_H2_002_0090|[hab]뭐야, 그렇게 위험한 놈이 나타났다는데 나 혼자 방에 있으란 말야.
V_H2_002_0091|[hab]너희들 둘이 날 지켜줘야지, 안 그래?
V_H2_002_0092|[hab]금색 종이를 잘라 붙여봤어, 어때, 진짜 금으로 보이지?
V_H2_002_0093|[hab]재판장님이 판결을 내리면 전 바지를 내리겠습니다, 제 말장난 어때요, 재밌죠?
V_H2_002_0094|[hab]드디어 줄 수 있겠다, 내가 싼 도시락, 가슴이 두근거려, 심호흡부터 하고, 니아야!
V_H2_002_0095|[hab]오늘은 내가 좋아하는 반찬만 있어서 눈 깜짝 할 사이에 다 먹어버렸어요, 엄마 최고!
V_H2_002_0096|[hab]얼굴에 뭐가 많이 묻었네, 아줌마가 닦아줄게, 이제 깨끗해졌다, 아이고, 예뻐라!
V_H2_002_0097|[hab]꿈에 엄청나게 큰 고래가 나왔어요, 그 고래랑 같이 꿈나라를 여행했어요.
V_H2_002_0098|[hab]와, 그런 멋진 꿈을 다 꾸고, 정말 신났겠는걸!
V_H2_002_0099|[hab]우리 형님 얼굴은 세계 최강이야, 백수의 왕 사자가 무서워할 정도니, 대단하십니다요!
V_H2_002_0100|[hab]운동을 했더니 출출하네, 뭐 먹을 거 없나, 어 초콜릿이잖아, 아싸, 득템!
V_NX_002_0051|[neu]지금까지 죽었다고 생각했는데, 서초경찰서 이렇게 살아있다니.
V_NX_002_0052|[neu]소크라테스며 플라톤이며 아리스토텔레스며 데카르트 스피노자 라이프니찌 믿어지지 않아요.
V_NX_002_0053|[neu]물론이오이다만 정말 대견하구나!
V_NX_002_0054|[neu]앨버트의 실크 같은 볼기짝이나 쓰다듬어주며 태평가나 불러보자고!
V_NX_002_0055|[neu]넌 호텔이나 물침대 위에 엠마뉴엘부인이라든가 몰라.
V_NX_002_0056|[neu]거기 앞에 가시는 이오덕, 그리고 여성운동 무크지 조심하라고 몇 번을 말해요.
V_NX_002_0057|[neu]최근 김대업씨로부터 이정연씨 병역면제 의혹 테이프와 녹취록을 압수했다고 발표했다.
V_NX_002_0058|[neu]이에 따라 국회 증언한 피해자는 수사 피해갈 수 없다고 한다.
V_NX_002_0059|[neu]이번에 현대차 공 이 사 공 사에 팔 이 공 사, 공 팔 공 육 공 공에 육 공 공 공 기아차 공 이 칠 팔 사에 일 이 일 이, 중에 뭘 골랐어?
V_NX_002_0060|[neu]차 중에 대우차 르노삼성차 모두 공 팔 공 칠 이 팔에 칠 이 팔 팔 쌍용차 서비스로 전화하래.
V_NX_002_0061|[neu]정씨는 오씨가 마크브이 승용차를 팔아넘겨 횡령한데 필요하다며 오씨의 친지로부터 육백여 만원을 빌렸다 주장했다.
V_NX_002_0062|[neu]이번 학기에 헌법개정과 장치와 실제 위상, 인터넷 등 입법행정거버넌스 앤드 퍼블릭 신청했다.
V_NX_002_0063|[neu]시민사회 사이에 새로운 권력의 매티우즈는, 세계화와 권력이동 이다.
V_NX_002_0064|[neu]부패 척결을 위해 반부패입법과 자산공개법 행정부의 투명성 등 법의 논의되었다.
V_NX_002_0065|[neu]너, 부정부패커럽쎤은 부패에 어디에 해당된다고 생각해?
V_NX_002_0066|[neu]이번 연구에서 신소재 비트 메모리, 초전도 세라믹 가스 터빈, 개발은 굉장한 성과다.
V_NX_002_0067|[neu]수소 복합체, 아모르퍼스 보다 금속계 탄소 복합 컴퓨터, 뉴럴 성능이 더 뛰어나다.
V_NX_002_0068|[neu]이번 씨에이디 열차, 실험 통해 면역효소, 생체막 이용 기술, 혁신적으로 좋아졌다.
V_NX_002_0069|[neu]자동차 산업, 기술, 씨에프씨 발달로 성능이 뛰어난 제품 출현한다면 어느 정도 예상된다.
V_NX_002_0070|[neu]정책과 여성 활성화 방안 마련을 위해 주요 협회 주최로 여성 포럼이 열린다.
V_NX_002_0071|[neu]포럼 개최하고 있는데, 그간 몇 차례의 회의를 통해 여성 창업 절차, 벤처기업 및 정부의 벤처 관련 질문 없나요?
V_NX_002_0072|[neu]앤디 윌리엄스의 권투시합 비싸서 텔레비전 방송을 통해 봤다.
V_NX_002_0073|[neu]이번 연주회는 깊고 영적인우주자연 다채로운 울림, 그 자체였다.
V_NX_002_0074|[neu]사람은 감수성, 실패 좌절경험에서 신경자극, 영향을 받아 번뇌의 심층활동, 한다.
V_NX_002_0075|[neu]건강보험심사평가원 오백 만원 주식회사 세중 백 이십 오만 팔천 원 보냈다.
V_NX_002_0076|[neu]에리히 프롬 바슐라르에다가 루소 칸트 헤겔 맑스 쇼펜하우어 키에르 좋아하는 철학자다.
V_NX_002_0077|[neu]금통위가 통화신용정책 위하여 필요하다고 한 정책들이다.
V_NX_002_0078|[neu]회원조합 축협중앙회의 신용사업부문이 포함되며 보험사업자와 공유된다.
V_NX_002_0079|[neu]지금부터 파라마운트 시네마스코프 윈느벨 효과가 가득한 영화입니다.
V_NX_002_0080|[neu]뮤직이라는 영화에 다시 공포의 보수와, 아파트의 열쇠를 섞었으니 즐기도록 회사의 바람입니다.
V_NX_002_0081|[neu]애앨러제국의 눈뜸에 의한 이른바 이데올로기 싸움이다.
V_NX_002_0082|[neu]정치에서의 남,북 관계의 퇴조와 긴장 완화에서 표면화, 된 문제는 커뮤니케이션 이다.
V_NX_002_0083|[neu]코로나로 거리를 띄우고, 이른바 건전한 유희의 장을 마련하자.
V_NX_002_0084|[neu]노년을 위해 양로원 만들며, 경우에 따라서는 마련된 특정한 데로 갈 수도 있다.
V_NX_002_0085|[neu]까라마조프의 고엽과 여자의 화해의 깃발 그것이 영화의 모든 것이다.
V_NX_002_0086|[neu]아무 생각도 없이 돛대 피운 그레타 가르보의 차차차를 본 적이 있는가?
V_NX_002_0087|[neu]로이베릭과 마리아 태우고 마물리안 열차와 바리키노의 배는 떠났다.
V_NX_002_0088|[neu]이 시는 한 맺힌 음률과 억제 못할 감정을 달래며 구곡간장 녹인다.
V_NX_002_0089|[neu]음악을 들으면 그윽히 쉴 수도 있고, 감정에 스며들게 할 수도 있고, 십 이현 보다 좋을 수 있다.
V_NX_002_0090|[neu]가야금 물결이 열두 줄에 부딪쳐 몸부림 쳐 가며 운명의 소용돌이 맺으며 풀며, 연주된다.
V_NX_002_0091|[neu]찹쌀떡 모본단 호박단 내가 좋아하는 떡인데 가만히 팔장만 끼고 바라봐야 하다니.
V_NX_002_0092|[neu]오늘 점심엔 갈비나 뜯고 골프나 치자!
V_NX_002_0093|[neu]비협약 채권자인 회사는 피인수설에 대해 십 일 오전까지 답변 바랍니다.
V_NX_002_0094|[neu]롯데쇼핑컨소시엄이 자회사설립 유상증자 실권주 인수를 오천 사백 이십억 육천 만원에 했다.
V_NX_002_0095|[neu]신용정보주식회사에 의하면, 출자아남반도체 아남반도체 최대주주인 암코사가 동부그룹에 넘어갔다.
V_NX_002_0096|[neu]자금난 해소로 계열사에서 사백 칠십 육만 주 투자 확정됐다.
V_NX_002_0097|[neu]일세대 일주택 해당여부에 불구하고 등기부등본 등에 의하여 삼 년 보유사실이 인정됐다.
V_NX_002_0098|[neu]둘째, 조세감면규제법상 이년 이상 보유한 소유권이 인정 이와 유사한 법률적 효력의 사건이 발생한다.
V_S2_002_0051|[sab]서로를 생각하는 마음이 강해, 이 두 사람, 그런데 이렇게 못 만나다니, 둘 다 얼마나 아플까.
V_S2_002_0052|[sab]니가 지키려고 하는 사람도 마찬가지야, 아무것도 못 하게 그렇게 가둬 놓으면 언젠간 스스로 시들고 말 거야.
V_S2_002_0053|[sab]주먹 한 번 휘두른 것만으로 한 마을이 없어졌어, 이게 진짜 내가 바랐던 걸까.
V_S2_002_0054|[sab]죄송합니다, 이 배에 그만 지상의 원주민 놈이 침투하도록 허락하고 말았습니다, 면목이 없네요.
V_S2_002_0055|[sab]내 행운의 머리핀을 찾지 못하면 나는 이제 내일부터 지지리도 운 없는 아이가 돼 버릴 거야, 흑흑.
V_S2_002_0056|[sab]심부름 갈 때 사나운 개한테 쫓길 테고 돌부리에 걸려 넘어져 피도 나겠지, 틀림없어.
V_S2_002_0057|[sab]이제 시작인데 벌써 포기하면 어떡해, 지금까지 해 온 게 아까워서라도 조금만 더 하자, 응?
V_S2_002_0058|[sab]내가 좀 이상해졌다고 해서 어떻게 그런 막말을 나한테 할 수가 있어, 당신 너무해, 실망이야.
V_S2_002_0059|[sab]엄마, 너무해요, 아빠가 실망한 모습이 안 보여요, 진심으로 아빠에게 사과하시길 바라요.
V_S2_002_0060|[sab]이런, 너무 슬픈데 눈물이 안 나와, 로봇은 울 자격도 없다는 건가.
V_S2_002_0061|[sab]어떡하지, 창피하게 바지에 쉬야를 해 버렸어, 엄마한테 혼나면 어쩌지.
V_S2_002_0062|[sab]정말 잘못했어요, 제발 한 번만 용서해 주세요, 앞으론 잘 할게요.
V_S2_002_0063|[sab]벌써 이렇게 날이 저물다니, 즐거운 시간들은 눈 깜짝할 사이에 지나가는구나.
V_S2_002_0064|[sab]선생님, 이 일 관두면 안 될까요, 저도 같이 경찰서까지 가겠어요, 더 이상 선생님이 위험해지는 걸 못 보겠어요.
V_S2_002_0065|[sab]십 년 전의 나에게 편지를 쓰는 것은 열여섯 살의 나에게 후회를 남기고 싶지 않아서입니다.
V_S2_002_0066|[sab]소중한 것을 잃지 말아 주세요, 지금 당신 곁에 있는 사랑이를 지켜 주세요.
V_S2_002_0067|[sab]전화도 문자도 안 되고, 내가 얼마나 걱정했는 줄 아니, 그리고 뭣보다 보고 싶었어, 도대체 어디 있었던 거야?
V_S2_002_0068|[sab]아무것도 못 하는 어린애 주제에 누가 누굴 지키겠다고 나섰는지, 내가 다 한심하다
V_S2_002_0069|[sab]난 그냥 나고, 넌 그냥 너다, 누가 뭐라고 하건 다 쓰잘데기없는 얘기다, 신경 쓰지 마.
V_S2_002_0070|[sab]이런 총알 따위로 내 죽을 자리가 결정되지 않아, 여긴 내가 죽을 곳이 아니야, 살아 돌아가야 해
V_S2_002_0071|[sab]만약의 경우라는 게 있잖소, 무슨 기적이라도 일어나 하늘 위의 섬이 사라지지 않게 될지도 모르잖소.
V_S2_002_0072|[sab]그곳에는 가 본 적도 없고 하니, 설령 간다 하더라도 거기서 잘 살지는 못할 거예요.
V_S2_002_0073|[sab]서쪽 하늘을 좀 보시겠어요, 먹구름이 잔뜩 낀 것이 영 왠지 우울하네요.
V_S2_002_0074|[sab]몇천 년간 쌓인 선조들의 말이 이대로 사라져선 안 돼, 더 많은 책을 살려서 후세에 전해야 돼
V_S2_002_0075|[sab]작별의 때는 오기 마련, 사나이의 이별이잖나, 눈물 한 방울 흘려선 안 되지, 암.
V_S2_002_0076|[sab]니가 왜 울어, 울고 싶은 쪽은 오히려 이쪽이라고!
V_S2_002_0077|[sab]당신을 놔두고 도망친 것도 모자라 속이려고까지 했던 저 자신이 너무 창피하고 부끄러워요.
V_S2_002_0078|[sab]이대로 가면 난 공주를 잡아먹고 말 것이오, 그렇게 되기 전에 어서 날 죽여 주시오.
V_S2_002_0079|[sab]엄마를 만나서 화해하고 싶었어, 엄마한테 내가 잘못했다고 빌고 싶었다고.
V_S2_002_0080|[sab]울었다는 이유로 자네를 싫어하지는 않아, 그리고 울었다고 해서 창피한 것도 아니야, 얼마든지 울어도 돼.
V_S2_002_0081|[sab]실은 그 장난감 칼은 아들 주려고 산 거야, 근데 아들이 내가 싫은가 봐, 만나지 않겠다고 하더라고.
V_S2_002_0082|[sab]내 말을 믿고, 무슨 일이 있어도 살아야 한다, 꼭이다, 알았지? 알았지?
V_S2_002_0083|[sab]너 나름의 사정이 있겠지만 계속해서 그런 식으로 행동하면 외톨이로 남을 확률이 높아.
V_S2_002_0084|[sab]걱정하지 마, 덩치 크고 사나워 보여도 줄에 단단히 묶여 있어서 공격하지 못할 거야, 그렇지?
V_S2_002_0085|[sab]큰일 났어, 그러고 보니 믿음이가 보이지 않아, 도대체 언제 어디로 사라진 거지?
V_S2_002_0086|[sab]하여간 너희들은 내가 없으면 아무것도 못 하는구나 하아, 어쩔 수 없이 이번에도 내가 책임져야지!
V_S2_002_0087|[sab]얼마나 걱정했다구요, 당신 어떻게 된 줄 알고, 이렇게 살아 있었으면 연락 좀 미리 주지, 흑.
V_S2_002_0088|[sab]여보 당신은 사랑이 아빠잖아요, 정신 차려요, 제발, 네?
V_S2_002_0089|[sab]그렇군, 자신 때문에 소중한 사람이 다쳤다면 겁쟁이가 될 만도 하지.
V_S2_002_0090|[sab]분해, 좋아하는 사람의 힘이 되는 건 언제나 나뿐이었으면 하는데.
V_S2_002_0091|[sab]니가 힘들어할 때 아무것도 해 주지 못했지만, 나도, 나도 너를 무지 걱정했는데.
V_S2_002_0092|[sab]아, 친구들 앞에서 발표를 하라니 너무 긴장돼, 잘 할 수 있을까?
V_S2_002_0093|[sab]난 정말 안 되나 봐, 오늘도 아무한테도 말을 못 걸었어, 친구는 어떻게 만들어야 하는 거지?
V_S2_002_0094|[sab]나랑 말하지 말라는 말을 어떻게 내 입으로 할 수가 있겠어, 난 못 해, 으앙!
V_S2_002_0095|[sab]당신이 나를 못 믿는다는 거 나도 알아요, 지금 당장 제 마음을 꺼내 보여 줄 수 없는 게 유감이네요.
V_S2_002_0096|[sab]니가 이렇게 잘 자란 모습을 할머니, 할아버지가 보셨다면 얼마나 좋았을까.
V_S2_002_0097|[sab]거짓말 안 하겠다는 말 취소야, 난 얼마든지 거짓말할 수 있어, 그렇게 해서 소중한 걸 지킬 수 있다면 말이야.
V_S2_002_0098|[sab]내가 그렇게 좋아했던 그 애가 지금 이 순간을 위해 열쇠를 지켜 낸 거야, 그래, 이번엔 내 차례야.
V_S2_002_0099|[sab]내가 널 발견했을 땐 이미 너희 부모는 없었어, 그래서 널 내 손으로 키우는 수밖에 없다고 결심했단다.
V_S2_002_0100|[sab]지금 생각하면 그게 잘못이었던 것 같구나, 결국 널 슬프게 만들었으니까.
V_A2_003_0051|[anb]다리 오므리지 못해, 남들 앞에서 추한 꼴 보이지 말고 빨리 조신하게 앉아!
V_A2_003_0052|[anb]같이 가족 여행 가고 싶은데 왜 안 된다는 거야, 모두 널 기쁘게 해주려고 준비한 건데 지금 네 태도는 뭐냔 말야.
V_A2_003_0053|[anb]이렇게 사랑받고 있다고 생각했는데 돌이켜보면 모두들 내 비위 맞추기에만 급급했던 거야, 역겨워.
V_A2_003_0054|[anb]너 말이야, 한자리에 좀 있으면 안 되겠니, 왜 내가 널 찾아 이렇게 계속 헤매야 하는 건데?
V_A2_003_0055|[anb]별로 상관없다 생각했는데, 사귀는 사람을 가족 전원이 좋아하는 이런 현실이 어쩐지 너무 싫다.
V_A2_003_0056|[anb]그 폭우 속을 가족을 위한다는 마음으로 걸어왔는데 왜 아무도 날 안 반기는 건데!
V_A2_003_0057|[anb]우린 이제 더 이상 어린아이가 아냐, 뭐든지 너 혼자 하란 말야, 나 상관하지 말고 아무 데나 가 버려!
V_A2_003_0058|[anb]착각하지 마, 위대한 건 너가 아니라 바로 이 몸이시라고!
V_A2_003_0059|[anb]저 녀석을 붙잡아라, 저 녀석은 이 몸이 처리한다!
V_A2_003_0060|[anb]어쭈 감히 니가 날 쳤다 이거야, 어디 또 쳐 봐, 또 쳐 보라고!
V_A2_003_0061|[anb]당장 그만두지 못해, 밥상머리 앞에서 어쩌자고 싸움질이야, 너희들 진짜 혼나 볼래?
V_A2_003_0062|[anb]어떻게 찾은 황금 같은 기회인데, 이렇게 허무하게 날려버리다니, 도저히 내가 내 자신을 용서 못 하겠어!
V_A2_003_0063|[anb]이 시건방진 놈들 감히 날 갖고 놀다니, 잡히기만 해 봐라!
V_A2_003_0064|[anb]나참, 난 그 시간에 축제에 있었다니까요, 이 사진을 현상해 봐요, 내 알리바이가 증명될 테니까.
V_A2_003_0065|[anb]시끄러, 애들이 뭘 안다고 자꾸 나서서 일을 더 복잡하게 만드냔 말야.
V_A2_003_0066|[anb]그래, 맞아, 난 작년부터 이 일을 계획했어, 니아를 없애고 문단 최고봉에 오르기 위해!
V_A2_003_0067|[anb]내 말이 그 말이야, 저런 악귀 붙은 피아노를 계속 놔두니까 이런 끔찍한 사건이 계속 일어나는 거 아냐?
V_A2_003_0068|[anb]뭐가 어쩌고 어째요, 내가 뭐하러 사랑이를 죽였다는 거예요?
V_A2_003_0069|[anb]당신이지, 시장 선거에 출마한 세 사람 중 벌써 두 사람이 죽었어, 이제 당신밖에 안 남았잖아!
V_A2_003_0070|[anb]얌마, 너 지금 어디에 있어, 당장 내 앞에 와서 이 사태에 대해 설명하지 못해!
V_A2_003_0071|[anb]두고 봐, 지금 당장 널 찾아내서 톡톡히 망신을 주고 말테니까, 각오하라고.
V_A2_003_0072|[anb]니아는 관계없어요, 니아는 범인과 맞닥뜨렸다고 했잖아요, 그 범인이 나라고요!
V_A2_003_0073|[anb]끄아아아 어떡해 남친이 손수 떠준 스웨터가 다 찢어졌어, 이건 꿈이야!
V_A2_003_0074|[anb]연타는 이걸로 끝이냐, 뭐 기뻐해라, 조금은 먹히긴 했으니, 이번엔 내 차례다!
V_A2_003_0075|[anb]연타라는 건 말이지, 상대를 확실하게 끝내도록 한 방 한 방 살의를 담아 날리는 걸 말해.
V_A2_003_0076|[anb]방금 그 변태는 뭐지, 이 동네가 점점 무서워지고 있어, 빨리 이 동네를 떠야겠어.
V_A2_003_0077|[anb]나 진짜 화났어, 이곳에서 엉망진창으로 날뛰어 주지.
V_A2_003_0078|[anb]너희 전부 다 여길 빠져나갈 순 없어, 한 마리도 놓치지 않겠다, 각오해라!
V_A2_003_0079|[anb]넌 바보지만 내 몸에 상처를 입혔으니 그 용기는 가상히 여겨주지, 그런 의미로 단숨에 죽여주마.
V_A2_003_0080|[anb]내가 때려도 쓰러지지 않다니 제법이긴 하네, 지금까지 본 쓰레기들과는 좀 다른 놈 같다?
V_A2_003_0081|[anb]뭐야, 너 말버릇이 그게 뭐야, 전학 와서 외로워 보이길래 데려와 줬더니만 그딴 싸가지 없는 말투는, 재수 없어.
V_A2_003_0082|[anb]좋아해도 괴로울 뿐이야, 평생이 걸려도 난 널 따라잡을 수 없을 것만 같다는 게 뼈저리게 느껴져.
V_A2_003_0083|[anb]내 험담을 하는 건 좋은데 뭐 하나라도 나한테 이기고서 그렇게 하도록 해, 안 그럼 싸움에 진 개가 짖는 걸로밖에 안 보이니까.
V_A2_003_0084|[anb]내 친구로 있고 싶으면 두 번 다시 그러지 마, 내 자존심이 용서치 않으니까.
V_A2_003_0085|[anb]대체 나의 어디가 좋다는 건데, 돈인가, 근데 어쩌냐 너 같은 코찔찔이한테는 땡전 한 푼도 못 줘.
V_A2_003_0086|[anb]사귄다는 게 뭔데, 왜 사귀면 모든 걸 독점하려고 하는 거지, 어째서 감정을 백 퍼센트 아님 영 퍼센트로밖에 생각하지 않는 건데?
V_A2_003_0087|[anb]어차피 이 멤버들은 시간 관념이 없어, 내가 지각 군단에 덩달아 끼어 기합을 받는 건 무지하게 열 받을 거 같거든.
V_A2_003_0088|[anb]근데 여자친구도 뭣도 아닌 우리한테 아이스크림 쐈다고 화 내는 거 아니지, 하하하!
V_A2_003_0089|[anb]우리 마을을 공격하겠다고, 그렇다면 먼저 나와 승부하자!
V_A2_003_0090|[anb]이 마을, 제 목숨을 걸고서라도 지키겠어요, 절 믿어주세요!
V_A2_003_0091|[anb]너하고 니아가 친구였다는 소리는, 두 번 다시 입에 담지 마!
V_A2_003_0092|[anb]언제까지 내 뒤통수를 칠 수 있을 줄 알았나, 화끈하게 저승으로 보내 주마!
V_A2_003_0093|[anb]헛소리 마, 보물은 내 거다, 훔쳤다고 네 것이 될 거라고 생각하나?
V_A2_003_0094|[anb]이 멍청아, 너흰 아직 햇병아리에 불과해, 누구든지 처음엔 간단한 임무부터 시작하는 법이다.
V_A2_003_0095|[anb]하지만 저번부터 계속 이런 하찮은 임무뿐이잖아요, 우리도 이제 그럴싸한 임무를 맡고 싶다고요!
V_A2_003_0096|[anb]싫어 내가 여기서 죽을 줄 아는 모양인데, 난 어떻게든 끝까지 살아남을 거야.
V_A2_003_0097|[anb]알겠나, 이 녀석은 우리 회사의 정책에 반대하는 시위를 벌인 주동자로 이 마을의 질서를 어지럽혔기에 공개 처형을 하겠다!
V_A2_003_0098|[anb]여긴 사건 현장이야, 형사인 나하고 탐정인 니아 이외엔 들어가면 안 돼, 누가 경찰에 신고 좀 해!
V_A2_003_0099|[anb]선생님 선생님이 이 별장에 있는 거 다 알고 왔어요, 숨지 말고 빨리 나와요!
V_A2_003_0100|[anb]너희는 기량도 부족하고 겁쟁이에 얼간이야, 아주 유감이야, 여기서 손가락이나 빨면서 울고 있으라고.
V_H2_003_0051|[hab]그래 열심히 영혼의 구슬 조각을 모아라, 흐흐.
V_H2_003_0052|[hab]네가 영혼 구슬을 다 모으면, 그때 내가 널 지옥으로 보내 줄 테니까.
V_H2_003_0053|[hab]난 지금이 좋아, 왜냐하면 내 영혼은 그 시절보다 훨씬 자유로우니까.
V_H2_003_0054|[hab]킁킁, 어디서 맛있는 불고기 냄새가 나는데, 어디지, 불고기, 불고기!
V_H2_003_0055|[hab]야, 영혼의 구슬 조각 하나 뺏겼다고 그렇게 걱정에 찌들어 있는 거냐?
V_H2_003_0056|[hab]괜찮아, 처음부터 다시 찾으면 돼, 얼굴 펴!
V_H2_003_0057|[hab]수상한데, 웬일로 저렇게 이해심이 많아졌지?
V_H2_003_0058|[hab]처음 이 칼을 만든 건 너일지 몰라도 이제 주인은 나다.
V_H2_003_0059|[hab]그러니 내 칼에 대해 왈가왈부는 그만하시지, 어차피 내 거라고, 흐흐.
V_H2_003_0060|[hab]이것만 있으면 이제 세계 정복도 꿈만은 아니라고, 우리 두뇌와 근육 형제라면 말이야!
V_H2_003_0061|[hab]좋았어, 내가 두뇌고 너가 근육이니까 최고의 지성과 최강의 육체가 힘을 합치는 거다.
V_H2_003_0062|[hab]사부님처럼 강해지고 싶어요, 그게 제 꿈이에요, 꼭 배우고 싶습니다.
V_H2_003_0063|[hab]맞아요, 제 목표는 우리 마을 사람들에게 내 존재를 인정받는 거예요, 전 그거면 돼요.
V_H2_003_0064|[hab]뭐지, 이 뜬금없는 도발은, 내 화를 돋우려는 건가, 그렇다면 빙고!
V_H2_003_0065|[hab]얼굴만 잘생겨도 생큐인데 거기다 공부까지 잘한다고, 너무 멋져!
V_H2_003_0066|[hab]놀이공원에서 귀신의 집에 들어갔는데 진짜 재미있었어요!
V_H2_003_0067|[hab]우오옷, 너의 집 진짜 궁궐이다, 티브이에 나오는 집 같아, 끝내준다!
V_H2_003_0068|[hab]앗, 그런 더러운 수법을 아무렇지도 않게 쓰다니, 역시 사랑의 힘인가!
V_H2_003_0069|[hab]아하하, 좋은 발차기군, 하지만 그 정도 가지고는 날 굴복시키지 못해!
V_H2_003_0070|[hab]오늘 특별활동 너무 재미있지 않았어, 다음 주에도 오늘 같기만 하면 좋겠다.
V_H2_003_0071|[hab]언제부턴가 온 세상이 너를 중심으로 도는 거 같아, 이런 내 마음 느껴져?
V_H2_003_0072|[hab]까아, 어떡해, 애들이 그러는데 걔도 날 좋아한대, 나 지금 너무 떨려!
V_H2_003_0073|[hab]네 고백을 들으니까 심장이 미친듯이 뛰어, 이렇게 뛰다 죽을 수도 있을 것처럼.
V_H2_003_0074|[hab]뭐예요, 생각만 해도 좋은 거예요, 어, 진짜 얼굴 빨개지는데요?
V_H2_003_0075|[hab]하하핫, 날 보호하느라 정말 고생 많았네, 우리 집에 가서 편히들 쉬게나.
V_H2_003_0076|[hab]아빠, 아빠가 우리 마을을 지켜내실 거예요, 제가 응원할게요, 힘내요, 아빠!
V_H2_003_0077|[hab]아까는 고마웠어, 네 응원이 없었으면 난 시합에서 졌을지도 몰라.
V_H2_003_0078|[hab]이얏호, 이건 해보나마나 우리가 이긴 거야, 완전 러키야, 그렇지 않아?
V_H2_003_0079|[hab]술법은 잘 생각한 다음에 써야지, 상대방에게 거꾸로 이용당하기 싫다면 말이야, 바보!
V_H2_003_0080|[hab]하하하, 정말 젊다는 건 좋은 것이여, 아주 머리가 핑핑 잘 돌아가는구먼!
V_H2_003_0081|[hab]소중한 사람을 지켜야 해, 언제 어떤 상황이 와도 이 사실만은 잊지 않아야 한다, 알겠느냐?
V_H2_003_0082|[hab]실패를 해도 다시 일어설 수 있는 용기, 난 그게 가장 큰 강인함이라고 생각해.
V_H2_003_0083|[hab]쑥쓰러워 하지 마, 넌 세상에서 하나밖에 없는 셰도카드를 가진 엄청난 영웅인걸!
V_H2_003_0084|[hab]오래 기다리셨습니다, 여러분, 여러분이 기대하던 담력 테스트, 지금부터 시작합니다!
V_H2_003_0085|[hab]너랑 당분간 못 만나니까 알아두고 싶어, 좋아하는 사람을 안아봤을 때의 느낌을
V_H2_003_0086|[hab]고마워, 너의 화살 덕분에 여유가 생겼어,
V_H2_003_0087|[hab]무슨 소리예요, 명탐정 홍길동이야말로 우리의 구세주라고요, 역시 너무 멋진 분이야!
V_H2_003_0088|[hab]그대만 내 눈앞에 있으면 심장이 이십사시간 바운스 바운스, 이 마음을 어찌해야 좋을까요?
V_H2_003_0089|[hab]아유 다정한 부녀지간이네요, 고등학생이 돼서 아빠랑 같이 오는 게 쉽지 않을 텐데.
V_H2_003_0090|[hab]뭐야, 그렇게 위험한 놈이 나타났다는데 나 혼자 방에 있으란 말야.
V_H2_003_0091|[hab]너희들 둘이 날 지켜줘야지, 안 그래?
V_H2_003_0092|[hab]금색 종이를 잘라 붙여봤어, 어때, 진짜 금으로 보이지?
V_H2_003_0093|[hab]재판장님이 판결을 내리면 전 바지를 내리겠습니다, 제 말장난 어때요, 재밌죠?
V_H2_003_0094|[hab]드디어 줄 수 있겠다, 내가 싼 도시락, 가슴이 두근거려, 심호흡부터 하고, 니아야!
V_H2_003_0095|[hab]오늘은 내가 좋아하는 반찬만 있어서 눈 깜짝 할 사이에 다 먹어버렸어요, 엄마 최고!
V_H2_003_0096|[hab]얼굴에 뭐가 많이 묻었네, 아줌마가 닦아줄게, 이제 깨끗해졌다, 아이고, 예뻐라!
V_H2_003_0097|[hab]꿈에 엄청나게 큰 고래가 나왔어요, 그 고래랑 같이 꿈나라를 여행했어요.
V_H2_003_0098|[hab]와, 그런 멋진 꿈을 다 꾸고, 정말 신났겠는걸!
V_H2_003_0099|[hab]우리 형님 얼굴은 세계 최강이야, 백수의 왕 사자가 무서워할 정도니, 대단하십니다요!
V_H2_003_0100|[hab]운동을 했더니 출출하네, 뭐 먹을 거 없나, 어 초콜릿이잖아, 아싸, 득템!
V_NX_003_0051|[neu]지금까지 죽었다고 생각했는데, 서초경찰서 이렇게 살아있다니.
V_NX_003_0052|[neu]소크라테스며 플라톤이며 아리스토텔레스며 데카르트 스피노자 라이프니찌 믿어지지 않아요.
V_NX_003_0053|[neu]물론이오이다만 정말 대견하구나!
V_NX_003_0054|[neu]앨버트의 실크 같은 볼기짝이나 쓰다듬어주며 태평가나 불러보자고!
V_NX_003_0055|[neu]넌 호텔이나 물침대 위에 엠마뉴엘부인이라든가 몰라.
V_NX_003_0056|[neu]거기 앞에 가시는 이오덕, 그리고 여성운동 무크지 조심하라고 몇 번을 말해요.
V_NX_003_0057|[neu]최근 김대업씨로부터 이정연씨 병역면제 의혹 테이프와 녹취록을 압수했다고 발표했다.
V_NX_003_0058|[neu]이에 따라 국회 증언한 피해자는 수사 피해갈 수 없다고 한다.
V_NX_003_0059|[neu]이번에 현대차 공 이 사 공 사에 팔 이 공 사, 공 팔 공 육 공 공에 육 공 공 공 기아차 공 이 칠 팔 사에 일 이 일 이, 중에 뭘 골랐어?
V_NX_003_0060|[neu]차 중에 대우차 르노삼성차 모두 공 팔 공 칠 이 팔에 칠 이 팔 팔 쌍용차 서비스로 전화하래.
V_NX_003_0061|[neu]정씨는 오씨가 마크브이 승용차를 팔아넘겨 횡령한데 필요하다며 오씨의 친지로부터 육백여 만원을 빌렸다 주장했다.
V_NX_003_0062|[neu]이번 학기에 헌법개정과 장치와 실제 위상, 인터넷 등 입법행정거버넌스 앤드 퍼블릭 신청했다.
V_NX_003_0063|[neu]시민사회 사이에 새로운 권력의 매티우즈는, 세계화와 권력이동 이다.
V_NX_003_0064|[neu]부패 척결을 위해 반부패입법과 자산공개법 행정부의 투명성 등 법의 논의되었다.
V_NX_003_0065|[neu]너, 부정부패커럽쎤은 부패에 어디에 해당된다고 생각해?
V_NX_003_0066|[neu]이번 연구에서 신소재 비트 메모리, 초전도 세라믹 가스 터빈, 개발은 굉장한 성과다.
V_NX_003_0067|[neu]수소 복합체, 아모르퍼스 보다 금속계 탄소 복합 컴퓨터, 뉴럴 성능이 더 뛰어나다.
V_NX_003_0068|[neu]이번 씨에이디 열차, 실험 통해 면역효소, 생체막 이용 기술, 혁신적으로 좋아졌다.
V_NX_003_0069|[neu]자동차 산업, 기술, 씨에프씨 발달로 성능이 뛰어난 제품 출현한다면 어느 정도 예상된다.
V_NX_003_0070|[neu]정책과 여성 활성화 방안 마련을 위해 주요 협회 주최로 여성 포럼이 열린다.
V_NX_003_0071|[neu]포럼 개최하고 있는데, 그간 몇 차례의 회의를 통해 여성 창업 절차, 벤처기업 및 정부의 벤처 관련 질문 없나요?
V_NX_003_0072|[neu]앤디 윌리엄스의 권투시합 비싸서 텔레비전 방송을 통해 봤다.
V_NX_003_0073|[neu]이번 연주회는 깊고 영적인우주자연 다채로운 울림, 그 자체였다.
V_NX_003_0074|[neu]사람은 감수성, 실패 좌절경험에서 신경자극, 영향을 받아 번뇌의 심층활동, 한다.
V_NX_003_0075|[neu]건강보험심사평가원 오백 만원 주식회사 세중 백 이십 오만 팔천 원 보냈다.
V_NX_003_0076|[neu]에리히 프롬 바슐라르에다가 루소 칸트 헤겔 맑스 쇼펜하우어 키에르 좋아하는 철학자다.
V_NX_003_0077|[neu]금통위가 통화신용정책 위하여 필요하다고 한 정책들이다.
V_NX_003_0078|[neu]회원조합 축협중앙회의 신용사업부문이 포함되며 보험사업자와 공유된다.
V_NX_003_0079|[neu]지금부터 파라마운트 시네마스코프 윈느벨 효과가 가득한 영화입니다.
V_NX_003_0080|[neu]뮤직이라는 영화에 다시 공포의 보수와, 아파트의 열쇠를 섞었으니 즐기도록 회사의 바람입니다.
V_NX_003_0081|[neu]애앨러제국의 눈뜸에 의한 이른바 이데올로기 싸움이다.
V_NX_003_0082|[neu]정치에서의 남,북 관계의 퇴조와 긴장 완화에서 표면화, 된 문제는 커뮤니케이션 이다.
V_NX_003_0083|[neu]코로나로 거리를 띄우고, 이른바 건전한 유희의 장을 마련하자.
V_NX_003_0084|[neu]노년을 위해 양로원 만들며, 경우에 따라서는 마련된 특정한 데로 갈 수도 있다.
V_NX_003_0085|[neu]까라마조프의 고엽과 여자의 화해의 깃발 그것이 영화의 모든 것이다.
V_NX_003_0086|[neu]아무 생각도 없이 돛대 피운 그레타 가르보의 차차차를 본 적이 있는가?
V_NX_003_0087|[neu]로이베릭과 마리아 태우고 마물리안 열차와 바리키노의 배는 떠났다.
V_NX_003_0088|[neu]이 시는 한 맺힌 음률과 억제 못할 감정을 달래며 구곡간장 녹인다.
V_NX_003_0089|[neu]음악을 들으면 그윽히 쉴 수도 있고, 감정에 스며들게 할 수도 있고, 십 이현 보다 좋을 수 있다.
V_NX_003_0090|[neu]가야금 물결이 열두 줄에 부딪쳐 몸부림 쳐 가며 운명의 소용돌이 맺으며 풀며, 연주된다.
V_NX_003_0091|[neu]찹쌀떡 모본단 호박단 내가 좋아하는 떡인데 가만히 팔장만 끼고 바라봐야 하다니.
V_NX_003_0092|[neu]오늘 점심엔 갈비나 뜯고 골프나 치자!
V_NX_003_0093|[neu]비협약 채권자인 회사는 피인수설에 대해 십 일 오전까지 답변 바랍니다.
V_NX_003_0094|[neu]롯데쇼핑컨소시엄이 자회사설립 유상증자 실권주 인수를 오천 사백 이십억 육천 만원에 했다.
V_NX_003_0095|[neu]신용정보주식회사에 의하면, 출자아남반도체 아남반도체 최대주주인 암코사가 동부그룹에 넘어갔다.
V_NX_003_0096|[neu]자금난 해소로 계열사에서 사백 칠십 육만 주 투자 확정됐다.
V_NX_003_0097|[neu]일세대 일주택 해당여부에 불구하고 등기부등본 등에 의하여 삼 년 보유사실이 인정됐다.
V_NX_003_0098|[neu]둘째, 조세감면규제법상 이년 이상 보유한 소유권이 인정 이와 유사한 법률적 효력의 사건이 발생한다.
V_S2_003_0051|[sab]서로를 생각하는 마음이 강해, 이 두 사람, 그런데 이렇게 못 만나다니, 둘 다 얼마나 아플까.
V_S2_003_0052|[sab]니가 지키려고 하는 사람도 마찬가지야, 아무것도 못 하게 그렇게 가둬 놓으면 언젠간 스스로 시들고 말 거야.
V_S2_003_0053|[sab]주먹 한 번 휘두른 것만으로 한 마을이 없어졌어, 이게 진짜 내가 바랐던 걸까.
V_S2_003_0054|[sab]죄송합니다, 이 배에 그만 지상의 원주민 놈이 침투하도록 허락하고 말았습니다, 면목이 없네요.
V_S2_003_0055|[sab]내 행운의 머리핀을 찾지 못하면 나는 이제 내일부터 지지리도 운 없는 아이가 돼 버릴 거야, 흑흑.
V_S2_003_0056|[sab]심부름 갈 때 사나운 개한테 쫓길 테고 돌부리에 걸려 넘어져 피도 나겠지, 틀림없어.
V_S2_003_0057|[sab]이제 시작인데 벌써 포기하면 어떡해, 지금까지 해 온 게 아까워서라도 조금만 더 하자, 응?
V_S2_003_0058|[sab]내가 좀 이상해졌다고 해서 어떻게 그런 막말을 나한테 할 수가 있어, 당신 너무해, 실망이야.
V_S2_003_0059|[sab]엄마, 너무해요, 아빠가 실망한 모습이 안 보여요, 진심으로 아빠에게 사과하시길 바라요.
V_S2_003_0060|[sab]이런, 너무 슬픈데 눈물이 안 나와, 로봇은 울 자격도 없다는 건가.
V_S2_003_0061|[sab]어떡하지, 창피하게 바지에 쉬야를 해 버렸어, 엄마한테 혼나면 어쩌지.
V_S2_003_0062|[sab]정말 잘못했어요, 제발 한 번만 용서해 주세요, 앞으론 잘 할게요.
V_S2_003_0063|[sab]벌써 이렇게 날이 저물다니, 즐거운 시간들은 눈 깜짝할 사이에 지나가는구나.
V_S2_003_0064|[sab]선생님, 이 일 관두면 안 될까요, 저도 같이 경찰서까지 가겠어요, 더 이상 선생님이 위험해지는 걸 못 보겠어요.
V_S2_003_0065|[sab]십 년 전의 나에게 편지를 쓰는 것은 열여섯 살의 나에게 후회를 남기고 싶지 않아서입니다.
V_S2_003_0066|[sab]소중한 것을 잃지 말아 주세요, 지금 당신 곁에 있는 사랑이를 지켜 주세요.
V_S2_003_0067|[sab]전화도 문자도 안 되고, 내가 얼마나 걱정했는 줄 아니, 그리고 뭣보다 보고 싶었어, 도대체 어디 있었던 거야?
V_S2_003_0068|[sab]아무것도 못 하는 어린애 주제에 누가 누굴 지키겠다고 나섰는지, 내가 다 한심하다
V_S2_003_0069|[sab]난 그냥 나고, 넌 그냥 너다, 누가 뭐라고 하건 다 쓰잘데기없는 얘기다, 신경 쓰지 마.
V_S2_003_0070|[sab]이런 총알 따위로 내 죽을 자리가 결정되지 않아, 여긴 내가 죽을 곳이 아니야, 살아 돌아가야 해
V_S2_003_0071|[sab]만약의 경우라는 게 있잖소, 무슨 기적이라도 일어나 하늘 위의 섬이 사라지지 않게 될지도 모르잖소.
V_S2_003_0072|[sab]그곳에는 가 본 적도 없고 하니, 설령 간다 하더라도 거기서 잘 살지는 못할 거예요.
V_S2_003_0073|[sab]서쪽 하늘을 좀 보시겠어요, 먹구름이 잔뜩 낀 것이 영 왠지 우울하네요.
V_S2_003_0074|[sab]몇천 년간 쌓인 선조들의 말이 이대로 사라져선 안 돼, 더 많은 책을 살려서 후세에 전해야 돼
V_S2_003_0075|[sab]작별의 때는 오기 마련, 사나이의 이별이잖나, 눈물 한 방울 흘려선 안 되지, 암.
V_S2_003_0076|[sab]니가 왜 울어, 울고 싶은 쪽은 오히려 이쪽이라고!
V_S2_003_0077|[sab]당신을 놔두고 도망친 것도 모자라 속이려고까지 했던 저 자신이 너무 창피하고 부끄러워요.
V_S2_003_0078|[sab]이대로 가면 난 공주를 잡아먹고 말 것이오, 그렇게 되기 전에 어서 날 죽여 주시오.
V_S2_003_0079|[sab]엄마를 만나서 화해하고 싶었어, 엄마한테 내가 잘못했다고 빌고 싶었다고.
V_S2_003_0080|[sab]울었다는 이유로 자네를 싫어하지는 않아, 그리고 울었다고 해서 창피한 것도 아니야, 얼마든지 울어도 돼.
V_S2_003_0081|[sab]실은 그 장난감 칼은 아들 주려고 산 거야, 근데 아들이 내가 싫은가 봐, 만나지 않겠다고 하더라고.
V_S2_003_0082|[sab]내 말을 믿고, 무슨 일이 있어도 살아야 한다, 꼭이다, 알았지? 알았지?
V_S2_003_0083|[sab]너 나름의 사정이 있겠지만 계속해서 그런 식으로 행동하면 외톨이로 남을 확률이 높아.
V_S2_003_0084|[sab]걱정하지 마, 덩치 크고 사나워 보여도 줄에 단단히 묶여 있어서 공격하지 못할 거야, 그렇지?
V_S2_003_0085|[sab]큰일 났어, 그러고 보니 믿음이가 보이지 않아, 도대체 언제 어디로 사라진 거지?
V_S2_003_0086|[sab]하여간 너희들은 내가 없으면 아무것도 못 하는구나 하아, 어쩔 수 없이 이번에도 내가 책임져야지!
V_S2_003_0087|[sab]얼마나 걱정했다구요, 당신 어떻게 된 줄 알고, 이렇게 살아 있었으면 연락 좀 미리 주지, 흑.
V_S2_003_0088|[sab]여보 당신은 사랑이 아빠잖아요, 정신 차려요, 제발, 네?
V_S2_003_0089|[sab]그렇군, 자신 때문에 소중한 사람이 다쳤다면 겁쟁이가 될 만도 하지.
V_S2_003_0090|[sab]분해, 좋아하는 사람의 힘이 되는 건 언제나 나뿐이었으면 하는데.
V_S2_003_0091|[sab]니가 힘들어할 때 아무것도 해 주지 못했지만, 나도, 나도 너를 무지 걱정했는데.
V_S2_003_0092|[sab]아, 친구들 앞에서 발표를 하라니 너무 긴장돼, 잘 할 수 있을까?
V_S2_003_0093|[sab]난 정말 안 되나 봐, 오늘도 아무한테도 말을 못 걸었어, 친구는 어떻게 만들어야 하는 거지?
V_S2_003_0094|[sab]나랑 말하지 말라는 말을 어떻게 내 입으로 할 수가 있겠어, 난 못 해, 으앙!
V_S2_003_0095|[sab]당신이 나를 못 믿는다는 거 나도 알아요, 지금 당장 제 마음을 꺼내 보여 줄 수 없는 게 유감이네요.
V_S2_003_0096|[sab]니가 이렇게 잘 자란 모습을 할머니, 할아버지가 보셨다면 얼마나 좋았을까.
V_S2_003_0097|[sab]거짓말 안 하겠다는 말 취소야, 난 얼마든지 거짓말할 수 있어, 그렇게 해서 소중한 걸 지킬 수 있다면 말이야.
V_S2_003_0098|[sab]내가 그렇게 좋아했던 그 애가 지금 이 순간을 위해 열쇠를 지켜 낸 거야, 그래, 이번엔 내 차례야.
V_S2_003_0099|[sab]내가 널 발견했을 땐 이미 너희 부모는 없었어, 그래서 널 내 손으로 키우는 수밖에 없다고 결심했단다.
V_S2_003_0100|[sab]지금 생각하면 그게 잘못이었던 것 같구나, 결국 널 슬프게 만들었으니까.
V_A3_054_0051|[anc]이런, 왜 아무도 내 생각에 동조하지 않는 거지, 이 더러운 자본주의 돼지놈들
V_A3_054_0052|[anc]너가 뭘 안다고 그래, 최고의 남자를 아버지로 두고도 사랑받지 못하는 딸의 심정을 너가 뭘 알아!
V_A3_054_0053|[anc]남자라는 이유만으로 아버지의 모든 것을 가질 수 있었던 너가, 설 곳 없는 내 심정을 어떻게 아냐고!
V_A3_054_0054|[anc]아버지가 나를 부정하는데 어떻게 내가 자립할 수 있겠어, 날 부정한 아버지의 모든 걸 빼앗아 주겠어.
V_A3_054_0055|[anc]넌 바보니까 없는 머리 써 봤자 소용없어, 가서 그냥 부딪혀 보는 거야.
V_A3_054_0056|[anc]야, 봐라, 너가 얼빵해 보이니까 그놈들이 널 우습게 보는 거 아냐!
V_A3_054_0057|[anc]그 말이 옳다, 이학년 디반 니아, 그 오렌지색 머리부터가 불쾌하군, 에잇, 너부터 정신교육을 시켜야겠어.
V_A3_054_0058|[anc]남자가 여자 교복을 착용하는 것은 천인공노할 일, 후안무치한 일이야, 교사가 허락해도 학생회장인 내가 허락 못 해!
V_A3_054_0059|[anc]감히 나한테 고단수 농간을 부려, 나 완전 뚜껑 열렸어, 가만 안 두겠어!
V_A3_054_0060|[anc]겁대가리 없이 제 발로 나를 찾아오다니, 너희들은 이제 죽은 목숨이다!
V_A3_054_0061|[anc]시끄러, 그 녀석들에게 불평을 할 수 있는 건 나뿐이야, 나 이외에 그 녀석들을 나쁘게 말하는 자는 용서하지 않겠어.
V_A3_054_0062|[anc]내가 산적의 피를 이어받았다는 그 긍지만큼은 속일 수가 없어, 누가 뭐래도 난 산적의 자식이다!
V_A3_054_0063|[anc]여기는 너처럼 야만스러운 녀석이 올 만한 곳이 아니다, 두 번 다시 이 저택엔 접근하지 마!
V_A3_054_0064|[anc]그를 사랑하고 믿었는데 나에게 돌아온 건 결국 배신밖에 없었어요, 그래서 더 용서할 수 없었다고요!
V_A3_054_0065|[anc]엄청난 굉음과 진동이 계속되고 있습니다, 갑자기 에이시를 덮친 대폭발은 지금도 규모가 확대되고 있습니다!
V_A3_054_0066|[anc]인간 녀석들이 계속해서 오염시킨 지구가 낳은 괴물, 그게 나다!
V_A3_054_0067|[anc]지구는 하나의 생명체인데 네놈 인간들은 지구의 생명을 좀먹는 병균, 그 자체다!
V_A3_054_0068|[anc]난 그런 인간들, 그리고 인간들이 만들어 낸 문명의 해악을 없애버리기 위해서, 지구의 의지로 태어났다!
V_A3_054_0069|[anc]역시 난 인간을 뿌리째 뽑아 없애 버릴 수밖에 없겠구나, 크아아!
V_A3_054_0070|[anc]이 꼬맹인 귀하신 내 몸에 낙서를 했어, 그것도 유성 매직으로!
V_A3_054_0071|[anc]손이 집게손이라 타올로 박박 닦는 것도 불가능하다고, 가만 안 두겠어, 꼬맹이!
V_A3_054_0072|[anc]용서 못 해, 방해를 한다면 너도 평생 취업 활동을 못 하는 몸으로 만들어 주지!
V_A3_054_0073|[anc]기다려라, 이 저출산 시대에 아이를 다치게 하겠다는데 가만히 보고 있을 어른이 어딨단 말이냐!
V_A3_054_0074|[anc]지금 우리 가계부가 얼마나 펑크가 났는 줄 알아, 그런데 뭐, 고기, 고기?
V_A3_054_0075|[anc]나는 지금 샐러리맨이 아니고 무직, 그리고 지금 구직 활동 중이야, 똑바로 알고 말해!
V_A3_054_0076|[anc]오늘 면접이 있었는데 보기 좋게 퇴짜 맞고 말았어, 그래서 왠지 모든 게 다 상관없다는 기분이야.
V_A3_054_0077|[anc]대단하다, 동생아, 이 기세 그대로 이웃 마을로 쳐들어가서 모두 없애 버리는 거야!
V_A3_054_0078|[anc]사랑이 너 왜 우리 집에서 아침, 점심, 저녁을 다 해결하는데, 그만 너희 집으로 가!
V_A3_054_0079|[anc]그런 건 일일이 얘기 안 해 줘도 돼, 넌 왜 날 따라와서 귀찮게 구는 건데?
V_A3_054_0080|[anc]으아아아 세계는 이제 끝장이야, 어떡해, 난 여기서 죽고 싶지 않아!
V_A3_054_0081|[anc]어째서 이렇게 된 거야, 난 단지 강함을 원했을 뿐인데, 드디어 최강의 남자가 됐는데 말야!
V_A3_054_0082|[anc]너가 누군지는 몰라도 너 땜에 내 형이 죽었어, 용서 못 해!
V_A3_054_0083|[anc]그만, 그만, 그만 좀 해! 이 사람이고 저 사람이고 왜 내 인생에 태클을 걸지 못해 난리인 거야!
V_A3_054_0084|[anc]나야말로 이 학교의 학생회장 강소망, 또 다른 이름으로는 학교수비대 대장이다, 당장 문제아들을 잡아들여!
V_A3_054_0085|[anc]시끄러, 우물 안 개구리인 주제에 대장인 척 뽐내지 좀 마, 빌어먹을 자식.
V_A3_054_0086|[anc]닥쳐, 바보 고양이, 참견하지 마, 바보 고양이, 계속 입 놀렸다간 너도 이 꼴 난다?
V_A3_054_0087|[anc]잘난 척하지 마, 지난번 결투에서도 꽁지 빠지게 도망친 주제에.
V_A3_054_0088|[anc]최고는 무슨 빌어먹을 놈의 최고, 그건 그저 제멋대로 구는 것에 불과해, 학생은 학생 신분에 맞게 다니란 말야.
V_A3_054_0089|[anc]너,적당히 하지 않으면 너와 나의 인연은 여기서 끝이다.
V_A3_054_0090|[anc]무슨 짓 했어, 사랑이한테 여기서 무슨 짓 했냔 말야!
V_A3_054_0091|[anc]너가 내 말을 자꾸 무시하면 네 전용 방에서 하루 종일 다시 한번 너의 사람됨을 바로잡고 가르칠 수밖에 없어.
V_A3_054_0092|[anc]남자가 자잘한 일로 궁시렁 대면 못 써, 임마, 받아들일 건 깨끗하게 받아들이란 말야.
V_A3_054_0093|[anc]원숭이처럼 흉내만 내는 그 입, 완전히 봉해 버릴 테다, 각오햇!
V_A3_054_0094|[anc]널 보고 있으면 화가 나, 우리 마을에 대해 알지도 못하면서 주제 넘게 참견이나 하고 말야.
V_A3_054_0095|[anc]괴로움이 뭔지도 모르는 주제에, 항상 즐거운 듯 웃는 너하곤 난 전혀 다르단 말야!
V_A3_054_0096|[anc]너 같은 바보 녀석은 평생 그렇게 질질 짜고나 있어라, 울보 녀석아!
V_A3_054_0097|[anc]기대해, 나와 함께 가는 저승길, 외롭지 않을 테니까!
V_A3_054_0098|[anc]넌 사양이라는 것도 모르냐, 주는 족족 받아 먹고, 먹을 때 먹더라도 좀 사양도 하고 그래야지!
V_A3_054_0099|[anc]그래 맞아, 내가 그를 떨어뜨렸어, 삼년 전에 오빠를 죽인 원수를 갚기 위해 그런 거란 말야!
V_A3_054_0100|[anc]잠깐, 너희들 여기서 한 발자국도 움직이지 마, 이 안에 사랑이한테 독을 먹인 범인이 있을지도 모르잖아!
V_H3_054_0051|[hac]전설 속의 그 섬을 드디어 내가 찾은 거야, 세상에, 심봤다!
V_H3_054_0052|[hac]얘들아, 빨리 일어나, 그토록 바라던 곳에 우리가 드디어 도착했어!
V_H3_054_0053|[hac]우와, 나 태어나서 이렇게 멋진 광경은 처음이야, 어떡해, 너무 멋있어!
V_H3_054_0054|[hac]드디어 해방이다, 이제 저 녀석의 지배는 끝났어, 우린 살았다고!
V_H3_054_0055|[hac]정말, 정말 고맙습니다, 그 지독한 악당에게서 구해 준 이 은혜 평생 잊지 않겠습니다.
V_H3_054_0056|[hac]제가 뭐라고 했죠, 이 세상을 구할 열쇠는 바로 사랑, 오직 사랑뿐이랍니다.
V_H3_054_0057|[hac]아, 이 얼마나 아름다운 광경인가, 온 세상이 사랑으로 빛나고 있어, 샤방샤방!
V_H3_054_0058|[hac]그래, 바로 이거야, 이게 바로 내가 찾던 그 보물이라고!
V_H3_054_0059|[hac]요호홋, 심봤다, 드디어 이 보물이 내 손안에 들어왔구나, 이렇게 기쁠 수가!
V_H3_054_0060|[hac]바보, 우리가 이 동굴에 들어왔기 때문에 미궁에 빠질 뻔했던 사건을 해결한 거잖아.
V_H3_054_0061|[hac]이런 게 전화위복이라는 거야, 다들 기운 내!
V_H3_054_0062|[hac]여기서 나가면 우리 바비큐 파티 하자, 그러니까 좀 더 힘차게 걸어봐, 왼발, 왼발, 왼발!
V_H3_054_0063|[hac]이런 깊은 동굴에 눈이 퇴화하지 않은 물고기가 있다는 건.
V_H3_054_0064|[hac]저 물고기가 근처 냇가에서 흘러들어왔다는 거지.
V_H3_054_0065|[hac]그러니까 물줄기를 따라 올라가면 밖으로 나갈 수 있다는 말씀, 뿌뿌!
V_H3_054_0066|[hac]우리가 찾는 출구는 이제 진짜 코앞에 있다 이거야!
V_H3_054_0067|[hac]어머나, 세상에, 어쩜 이렇게 인사뿐 아니라 자기 소개도 또박또박 잘하니?
V_H3_054_0068|[hac]믿음이가 너한테 피를 사백씨씨나 주고 밤새 간병까지 해 줬다니까, 난 너무 감동했어!
V_H3_054_0069|[hac]믿음이가 헌혈까지 해 준 덕분에 니아가 살았구나, 이만하길 천만다행이야!
V_H3_054_0070|[hac]네가 다쳤다고 해서 비행기 타고 바로 날아왔지 뭐야, 나 좀 의리 있는 듯?
V_H3_054_0071|[hac]안녕, 너희들 가까이서 보니까 엄청 귀엽다, 스타가 될 가능성이 마구마구 보이는데?
V_H3_054_0072|[hac]얏호, 내가 세상에서 제일 좋아하는 딸기케이크다!
V_H3_054_0073|[hac]저 말랑말랑하면서도 부드러워 보이는 생크림 좀 봐, 맛나겠다, 츄릅!
V_H3_054_0074|[hac]와, 이 비스켓 한 조각이, 내가 태어나서 먹은 것 중에서 제일 맛있어!
V_H3_054_0075|[hac]아니, 저분은 우리의 영웅 니아맨이잖아, 니아맨, 만세, 괴물을 물리쳐 주세요!
V_H3_054_0076|[hac]우와, 대단하다, 무너졌던 건물이 원래대로 돌아왔어!
V_H3_054_0077|[hac]와, 재밌겠다, 엄마아빠, 나 해볼래요, 지금 당장요!
V_H3_054_0078|[hac]캬, 역시 일 끝내고 마시는 시원한 맥주 한 잔은 진리야, 진리, 이 맛에 일하는 거지!
V_H3_054_0079|[hac]자꾸 잘생겼다고 그렇게 치켜세워 주시니, 이거 쑥쓰럽네요!
V_H3_054_0080|[hac]기대하세요, 저쪽에 아주 멋진 선물이 준비돼 있으니까요, 그럼 같이 가실까요?
V_H3_054_0081|[hac]그리고 네가 이렇게 고백해줘서 내가 얼마나 행복한지 넌 모를 거야.
V_H3_054_0082|[hac]내가 정말 그래도 될까, 믿을 수 없어, 나한테 이런 멋진 기회가 찾아오다니!
V_H3_054_0083|[hac]사랑아, 너 없는 동안 너무너무 보고 싶었어, 어디 갔다 이제 온 거야.
V_H3_054_0084|[hac]너가 내 친구라는 게, 내가 너랑 이토록 특별한 친구라는 게, 너무 좋아, 믿어지지 않아!
V_H3_054_0085|[hac]이런 말 하기 너무 쑥쓰러운데, 오늘은 꼭 말하고 싶어, 나 사실 너를 만나 너무 기뻐!
V_H3_054_0086|[hac]좋아, 진짜 이번 한 번만 딱 말하는 거야, 두 번은 없어, 음, 나, 널, 좋아해!
V_H3_054_0087|[hac]걱정 마, 선생님은 너를 믿어!
V_H3_054_0088|[hac]내일이 몹시 기다려지는 걸, 내일을 생각하는 것만으로도 가슴이 두근두근거려.
V_H3_054_0089|[hac]어머, 그거 내가 엄청 좋아하는 건데, 역시 내 생각해 주는 건 너밖에 없다니까!
V_H3_054_0090|[hac]우와아, 그런 얘기는 진짜 처음 들어봐, 그치만 너한테 들으니 무지 기쁘다!
V_H3_054_0091|[hac]믿음아, 무사했구나, 잡혀갔다는 소식 듣고 걱정했는데 돌아왔으니 됐어, 이제 안심이야.
V_H3_054_0092|[hac]이런 말하기 좀 그런데, 내가 좀 운이 좋은 편이지!
V_H3_054_0093|[hac]오늘도 봐, 죽기 일보 직전이었는데 알아서 눈앞에 먹을 게 뚝 떨어졌잖아, 부럽지?
V_H3_054_0094|[hac]우와, 맛있다, 이렇게 맛있는 요리는 태어나서 처음 먹어봐요, 진짜!
V_H3_054_0095|[hac]너무 맛있어서 눈물이 줄줄 납니다요, 진짜 주방장님은 세계 최고의 요리사예요!
V_H3_054_0096|[hac]최고, 최고, 쌍따봉을 드립니다요!
V_H3_054_0097|[hac]레알, 이 요리를 공짜로, 그러니까 아무것도 안 받고 저한테 거저 주신다고요.
V_H3_054_0098|[hac]이윤 모르겠지만 정말정말 감사합니다.
V_H3_054_0099|[hac]하하하 누가 만들었는지 굉장하군, 아주 보기 좋아, 이 작품은 걸작 중의 걸작이야!
V_H3_054_0100|[hac]이야, 역시는 역시라더니, 그 실력 안 죽었네, 몇 년을 쉬었다 나와도 우승이라니.
V_NX_054_0051|[neu]지금까지 죽었다고 생각했는데, 서초경찰서 이렇게 살아있다니.
V_NX_054_0052|[neu]소크라테스며 플라톤이며 아리스토텔레스며 데카르트 스피노자 라이프니찌 믿어지지 않아요.
V_NX_054_0053|[neu]물론이오이다만 정말 대견하구나!
V_NX_054_0054|[neu]앨버트의 실크 같은 볼기짝이나 쓰다듬어주며 태평가나 불러보자고!
V_NX_054_0055|[neu]넌 호텔이나 물침대 위에 엠마뉴엘부인이라든가 몰라.
V_NX_054_0056|[neu]거기 앞에 가시는 이오덕, 그리고 여성운동 무크지 조심하라고 몇 번을 말해요.
V_NX_054_0057|[neu]최근 김대업씨로부터 이정연씨 병역면제 의혹 테이프와 녹취록을 압수했다고 발표했다.
V_NX_054_0058|[neu]이에 따라 국회 증언한 피해자는 수사 피해갈 수 없다고 한다.
V_NX_054_0059|[neu]이번에 현대차 공 이 사 공 사에 팔 이 공 사, 공 팔 공 육 공 공에 육 공 공 공 기아차 공 이 칠 팔 사에 일 이 일 이, 중에 뭘 골랐어?
V_NX_054_0060|[neu]차 중에 대우차 르노삼성차 모두 공 팔 공 칠 이 팔에 칠 이 팔 팔 쌍용차 서비스로 전화하래.
V_NX_054_0061|[neu]정씨는 오씨가 마크브이 승용차를 팔아넘겨 횡령한데 필요하다며 오씨의 친지로부터 육백여 만원을 빌렸다 주장했다.
V_NX_054_0062|[neu]이번 학기에 헌법개정과 장치와 실제 위상, 인터넷 등 입법행정거버넌스 앤드 퍼블릭 신청했다.
V_NX_054_0063|[neu]시민사회 사이에 새로운 권력의 매티우즈는, 세계화와 권력이동 이다.
V_NX_054_0064|[neu]부패 척결을 위해 반부패입법과 자산공개법 행정부의 투명성 등 법의 논의되었다.
V_NX_054_0065|[neu]너, 부정부패커럽쎤은 부패에 어디에 해당된다고 생각해?
V_NX_054_0066|[neu]이번 연구에서 신소재 비트 메모리, 초전도 세라믹 가스 터빈, 개발은 굉장한 성과다.
V_NX_054_0067|[neu]수소 복합체, 아모르퍼스 보다 금속계 탄소 복합 컴퓨터, 뉴럴 성능이 더 뛰어나다.
V_NX_054_0068|[neu]이번 씨에이디 열차, 실험 통해 면역효소, 생체막 이용 기술, 혁신적으로 좋아졌다.
V_NX_054_0069|[neu]자동차 산업, 기술, 씨에프씨 발달로 성능이 뛰어난 제품 출현한다면 어느 정도 예상된다.
V_NX_054_0070|[neu]정책과 여성 활성화 방안 마련을 위해 주요 협회 주최로 여성 포럼이 열린다.
V_NX_054_0071|[neu]포럼 개최하고 있는데, 그간 몇 차례의 회의를 통해 여성 창업 절차, 벤처기업 및 정부의 벤처 관련 질문 없나요?
V_NX_054_0072|[neu]앤디 윌리엄스의 권투시합 비싸서 텔레비전 방송을 통해 봤다.
V_NX_054_0073|[neu]이번 연주회는 깊고 영적인우주자연 다채로운 울림, 그 자체였다.
V_NX_054_0074|[neu]사람은 감수성, 실패 좌절경험에서 신경자극, 영향을 받아 번뇌의 심층활동, 한다.
V_NX_054_0075|[neu]건강보험심사평가원 오백 만원 주식회사 세중 백 이십 오만 팔천 원 보냈다.
V_NX_054_0076|[neu]에리히 프롬 바슐라르에다가 루소 칸트 헤겔 맑스 쇼펜하우어 키에르 좋아하는 철학자다.
V_NX_054_0077|[neu]금통위가 통화신용정책 위하여 필요하다고 한 정책들이다.
V_NX_054_0078|[neu]회원조합 축협중앙회의 신용사업부문이 포함되며 보험사업자와 공유된다.
V_NX_054_0079|[neu]지금부터 파라마운트 시네마스코프 윈느벨 효과가 가득한 영화입니다.
V_NX_054_0080|[neu]뮤직이라는 영화에 다시 공포의 보수와, 아파트의 열쇠를 섞었으니 즐기도록 회사의 바람입니다.
V_NX_054_0081|[neu]애앨러제국의 눈뜸에 의한 이른바 이데올로기 싸움이다.
V_NX_054_0082|[neu]정치에서의 남,북 관계의 퇴조와 긴장 완화에서 표면화, 된 문제는 커뮤니케이션 이다.
V_NX_054_0083|[neu]코로나로 거리를 띄우고, 이른바 건전한 유희의 장을 마련하자.
V_NX_054_0084|[neu]노년을 위해 양로원 만들며, 경우에 따라서는 마련된 특정한 데로 갈 수도 있다.
V_NX_054_0085|[neu]까라마조프의 고엽과 여자의 화해의 깃발 그것이 영화의 모든 것이다.
V_NX_054_0086|[neu]아무 생각도 없이 돛대 피운 그레타 가르보의 차차차를 본 적이 있는가?
V_NX_054_0087|[neu]로이베릭과 마리아 태우고 마물리안 열차와 바리키노의 배는 떠났다.
V_NX_054_0088|[neu]이 시는 한 맺힌 음률과 억제 못할 감정을 달래며 구곡간장 녹인다.
V_NX_054_0089|[neu]음악을 들으면 그윽히 쉴 수도 있고, 감정에 스며들게 할 수도 있고, 십 이현 보다 좋을 수 있다.
V_NX_054_0090|[neu]가야금 물결이 열두 줄에 부딪쳐 몸부림 쳐 가며 운명의 소용돌이 맺으며 풀며, 연주된다.
V_NX_054_0091|[neu]찹쌀떡 모본단 호박단 내가 좋아하는 떡인데 가만히 팔장만 끼고 바라봐야 하다니.
V_NX_054_0092|[neu]오늘 점심엔 갈비나 뜯고 골프나 치자!
V_NX_054_0093|[neu]비협약 채권자인 회사는 피인수설에 대해 십 일 오전까지 답변 바랍니다.
V_NX_054_0094|[neu]롯데쇼핑컨소시엄이 자회사설립 유상증자 실권주 인수를 오천 사백 이십억 육천 만원에 했다.
V_NX_054_0095|[neu]신용정보주식회사에 의하면, 출자아남반도체 아남반도체 최대주주인 암코사가 동부그룹에 넘어갔다.
V_NX_054_0096|[neu]자금난 해소로 계열사에서 사백 칠십 육만 주 투자 확정됐다.
V_NX_054_0097|[neu]일세대 일주택 해당여부에 불구하고 등기부등본 등에 의하여 삼 년 보유사실이 인정됐다.
V_NX_054_0098|[neu]둘째, 조세감면규제법상 이년 이상 보유한 소유권이 인정 이와 유사한 법률적 효력의 사건이 발생한다.
V_S3_054_0051|[sac]애인한테는 바람맞고, 비는 오고, 우산도 없고, 집에 가다 바나나에 미끄러져 넘어지고, 최악이네.
V_S3_054_0052|[sac]아주 오랫동안 어두운 방에 갇혀 그만큼이나 괴롭힘을 당하면 잊을 수 없는 상처가 되지.
V_S3_054_0053|[sac]여자 친구가 있다는 걸 알면서도 좋아한 건 저예요, 도저히 좋아하는 마음을 멈출 수가 없었어요.
V_S3_054_0054|[sac]미안해, 나 그런 말 할 생각 없었는데 요새 여러 가지 일이 겹치다 보니까 말이 거칠게 나왔어, 미안해.
V_S3_054_0055|[sac]사랑하고 싶다는 말, 죽어도 못 해, 나 또 상처투성이가 될지 몰라.
V_S3_054_0056|[sac]어째서일까, 좋아하는 마음은 지금도 변함이 없는데, 난 언제부터 이렇게 냉정한 인간이 돼 버린 거지?
V_S3_054_0057|[sac]나 혹시 외로웠던 걸까, 이미 오래전부터 다른 사람과 함께 소중한 시간을 갖고 싶을 만큼 외로웠던 걸까.
V_S3_054_0058|[sac]정말 배신한 거냐, 그동안 함께했던 시간들은 다 소용없었단 말이냐?
V_S3_054_0059|[sac]몇 번이나 말했어, 난 너희들 곁으로 돌아가지 않아, 돌아가, 어째서 자꾸 구하러 오는 거야?
V_S3_054_0060|[sac]엄마, 나 니아예요, 많이 커 버렸지만 나 기억 안 나세요, 엄마가 오길 내내 기다렸어요.
V_S3_054_0061|[sac]엄마, 헤어지기 싫어, 겨우 만났는데, 나도 엄마랑 같이 여기 있을래.
V_S3_054_0062|[sac]우리의 연구는 여기서 끝나지만 너희들이 살아갈 미래를 여기서 포기할 순 없어.
V_S3_054_0063|[sac]네, 꼭 만나고 싶은 사람이 있어요, 탐정님이 찾을 수 있게 도와주세요, 제발요.
V_S3_054_0064|[sac]거짓말이지, 니아, 믿을 수가 없어, 괴물을 취재한다고 나갔던 니가 왜 여기 죽어 있는 건데.
V_S3_054_0065|[sac]하지만 사랑이도 어떻게 됐을지 모르잖아요, 간신히 정말 어렵게 아빠를 다시 만났는데, 그런데 이렇게 되다니
V_S3_054_0066|[sac]이렇게 멀리 떨어져 있으면 사람의 마음은 다 변하는 걸까, 너무 괴롭다, 이렇게 기다리고만 있으려니까.
V_S3_054_0067|[sac]거짓말쟁이, 내가 세상에서 제일 좋다고 해 놓고, 나만 사랑한다 해 놓고, 이제 와서 이게 뭐야.
V_S3_054_0068|[sac]너랑 계속 같이 있고 싶었어, 너랑 있으면 세상에서 제일 행복했거든.
V_S3_054_0069|[sac]사랑아, 이 오라버니한테 너의 얼굴 좀 보여 줄 수 있을까, 끝까지 너에게 걱정만 끼치고 가는구나.
V_S3_054_0070|[sac]가긴 어딜 가, 그런 건 내가 허락할 수가 없어, 가지 마!
V_S3_054_0071|[sac]난 말리고 넌 달렸어, 우린 둘 다 서로에게 최선을 다했어, 그걸로 충분해.
V_S3_054_0072|[sac]그렇게 기대하던 내 여름은 결국 아무것도 못 해 보고 끝났어.
V_S3_054_0073|[sac]어떡해요, 제가 한눈을 파는 바람에 아이가 침대에서 떨어졌어요, 우리 아이 상태가 안 좋아지면 어쩌죠.
V_S3_054_0074|[sac]엄마가 얼마나 걱정했는지 알아, 몇 번이나 불렀는데도 니가 눈을 뜨지 않았잖아.
V_S3_054_0075|[sac]엄마는 너 잘못되는 줄 알고 심장이 멈추는 줄 알았어, 아직도 다리가 후들거려.
V_S3_054_0076|[sac]너는 알고 있었지, 내가 너를 얼마나 좋아하는지, 그런데도 모른 척했지, 난 지금까지 줄곧 이별 준비를 하고 있었어.
V_S3_054_0077|[sac]아무리 불러도, 아무리 몸부림쳐도, 이제 친구는 돌아오지 않아!
V_S3_054_0078|[sac]그것이 왕자님과 나눈 마지막 대화였다니, 안 돼, 믿어지지 않아, 누가 꿈이라고 해 줘, 제발!
V_S3_054_0079|[sac]믿음 씨네 집이 멀어진다, 힘든 일도 있었지만 즐거운 일도 많았는데, 안녕 나의 추억, 안녕 나의 친구들!
V_S3_054_0080|[sac]숲이 소용돌이친다, 나뭇잎이 춤을 춘다, 그날과 똑같아, 니아가 죽은 날과 똑같아, 누가 좀 멈춰 줘!
V_S3_054_0081|[sac]믿음아, 아무 데도 가지 마, 믿음아, 떠나면 안 돼, 이대로 헤어지기 싫어!
V_S3_054_0082|[sac]신이 정말로 있을까, 있다면 구해 주실까, 있다면 그 사람들을 지켜 주세요, 신이시여 이 나라를 지켜 주소서!
V_S3_054_0083|[sac]이런 나를 엄마라 불러 줘서 기뻤단다, 고마워, 앞으로 내 몫까지 잘 살아야 해!
V_S3_054_0084|[sac]널 모른 척하는 이 엄마를 용서해 줘, 니아야, 난 너를 죄인의 딸로 만들고 싶지 않아.
V_S3_054_0085|[sac]니아를 부탁해, 이 난리 통에서 내 딸이 안전하게 나갈 수 있게 도와줘!
V_S3_054_0086|[sac]그래서 난 너희가 날 구하러 오지 않길 바랐어, 언젠가 잃을 목숨이라면 난 여기서 죽고 싶어.
V_S3_054_0087|[sac]어째서. 어째서 이렇게 돼야 하는 거야, 어떤 이유가 있더라도 네가 저지른 짓은 용서 받지 못할지도 몰라, 하지만 정말 이런 식으로 끝내야만 했었던 걸까.
V_S3_054_0088|[sac]결국 이번 사건은 슬픈 엇갈림이 낳은 비극적 사건이었네요.
V_S3_054_0089|[sac]나, 영원히 너희들을 잊지 못할 거야, 너희들과 함께한 이 시간들도.
V_S3_054_0090|[sac]하지만 가족들이 무참히 살해되는 것을 본 소녀의 증오는 그 후에도 지워지지 않고 더 불타오르고 있었죠, 가엾게도.
V_S3_054_0091|[sac]그렇습니다, 그녀의 증오가 끝내 이 연쇄 살인이라는 비극을 일으키고 만 거죠.
V_S3_054_0092|[sac]이럴 수가. 믿음이가 이 녀석을 사랑했듯이 이 녀석도 믿음이를 진심으로 사랑했었던 건가!
V_S3_054_0093|[sac]사랑하면서 단지 복수를 위해 제 손으로 죽였다는 거야, 그날 밤 내가 본 눈물은 진심이었던 건가.
V_S3_054_0094|[sac]이십칠년 전 그날부터 나는 계속 죄의식에 사로잡혀 왔소, 하지만 그 고통에서 가까스로 해방된 지금 나는 너무도 편한 기분이오.
V_S3_054_0095|[sac]니아 군, 우리 마을의 비극을 이제라도 끝내 줘서 정말 고맙네, 이 모든 죄는 내가 다 가지고 가겠네.
V_S3_054_0096|[sac]이 세상에 하느님, 부처님이 있긴 한 거야, 내가 완전히 싫어졌대, 으앙 난 몰라!
V_S3_054_0097|[sac]나 여기서 뛰어내릴 거야, 말리지 마, 나의 천사 사랑이가 내가 완전 싫대잖아!
V_S3_054_0098|[sac]초등학교 오학년 때 일이었지, 난 녀석이 나처럼 유도의 재미를 맛보길 원했어, 하지만 그 녀석은, 싫어, 꼴불견이야란 말로 나의 마음을 갈기갈기 찢어 놨어.
V_S3_054_0099|[sac]뭐 그런 게 다 있어, 순진한 소년의 호의를 짓밟다니 그때 생각만 해도 지금도 가슴이 아파 와.
V_S3_054_0100|[sac]크흑 그때부터야, 녀석과 나의 우정에 금이 가기 시작한 건.
